1;1;0010;Modell;8,06;2025-01-02;7;5;0;0;
1;1;0022;Platzhalter einfügen;17,07;2025-01-02;7;20;0;0;
1;1;0023;Verwenden von Kunststoff;17,07;2025-01-02;7;20;0;0;
1;1;0024;Galvanisieren;17,07;2025-01-02;7;20;0;0;
1;1;0051;Stumpfmodell / Sägemodell;18,98;2025-01-02;7;12;0;0;
1;1;0052;Stumpfmodell / Einzelstumpfmodell;18,98;2025-01-02;7;12;0;0;
1;1;0053;Stumpfmodell / Modell nach Überabdruck;18,98;2025-01-02;7;12;0;0;
1;1;0055;Stumpfmodell / Fräsmodell;18,98;2025-01-02;7;12;0;0;
1;1;0060;Zahnkranz;6,55;2025-01-02;7;6;0;0;
1;1;0070;Zahnkranz sockeln;6,91;2025-01-02;7;6;0;0;
1;1;0112;Fixator;10,50;2025-01-02;7;8;0;0;
1;1;0120;Mittelwertartikulator;11,85;2025-01-02;7;12;0;0;
1;1;0201;Basis für Vorbissnahme;10,95;2025-01-02;7;14;0;0;
1;1;0211;Basis Autopolymerisat / individueller Löffel;27,56;2025-01-02;7;28;0;0;
1;1;0212;Basis Autopolymerisat / Funktionslöffel;27,56;2025-01-02;7;28;0;0;
1;1;0213;Basis Autopolymerisat / Bissregistrierung;27,56;2025-01-02;7;28;0;0;
1;1;0214;Basis Autopolymerisat / Stützstiftregistrierung;27,56;2025-01-02;7;28;0;0;
1;1;0215;Basis Autopolymerisat / Kunststoffbasis für Aufstellung;27,56;2025-01-02;7;28;0;0;
1;1;0220;Bisswall;7,94;2025-01-02;7;8;0;0;
1;1;0230;Registrierplatte und Stift auf Basen;35,43;2025-01-02;7;33;0;0;
1;1;0240;Übertragungskappe Kunststoff/Metall;30,34;2025-01-02;7;33;0;0;
1;1;0310;provisorische Krone;40,58;2025-01-02;7;38;0;0;
1;1;0320;Formteil;21,98;2025-01-02;7;25;0;0;
1;1;1013;Wurzelstiftkappe;94,55;2025-01-02;7;91;0;0;
1;1;1021;Vollkrone, Metall;101,62;2025-01-02;7;91;0;0;
1;1;1022;Teilkrone;101,62;2025-01-02;7;100;0;0;
1;1;1023;Flügel für Adhäsivbrücke;99,50;2025-01-02;7;100;0;0;
1;1;1024;Krone für vestibuläre Verblendung;100,80;2025-01-02;7;100;0;0;
1;1;1031;Vorbereiten Krone;16,97;2025-01-02;7;20;0;0;
1;1;1032;Krone einarbeiten;16,97;2025-01-02;7;20;0;0;
1;1;1033;Stiftaufbau einarbeiten;16,97;2025-01-02;7;20;0;0;
1;1;1040;Modellation giessen;22,11;2025-01-02;7;30;0;0;
1;1;1050;Stiftaufbau;66,86;2025-01-02;7;60;0;0;
1;1;1100;Brückenglied;72,74;2025-01-02;7;70;0;0;
1;1;1200;Teleskopierende Krone;316,33;2025-01-02;7;310;0;0;
1;1;1201;Teleskop Primär- oder Sekundärkrone;211,31;2025-01-02;7;207;0;0;
1;1;1331;Individuelles Geschiebe;264,57;2025-01-02;7;260;0;0;
1;1;1341;Konfektions-Geschiebe;131,10;2025-01-02;7;138;0;0;
1;1;1343;Konfektions-Anker;131,10;2025-01-02;7;138;0;0;
1;1;1349;Wiederbefestigen Sekundärteil;87,23;2025-01-02;7;92;0;0;
1;1;1360;Gefrästes Lager;63,00;2025-01-02;7;80;0;0;
1;1;1370;Schubverteilungsarm;47,23;2025-01-02;7;81;0;0;
1;1;1500;Metallverbindung nach dem Brand;35,23;2025-01-02;7;34;0;0;
1;1;1550;Konditionierung je Zahn / Flügel;16,78;2025-01-02;7;0;0;0;
1;1;1600;Vestibuläre Verblendung Kunststoff;57,54;2025-01-02;7;60;0;0;
1;1;1610;Zahnfleisch Kunststoff;18,31;2025-01-02;7;19;0;0;
1;1;1620;Vestibuläre Verblendung Keramik;118,19;2025-01-02;7;114;0;0;
1;1;1630;Zahnfleisch Keramik;42,24;2025-01-02;7;28;0;0;
1;1;1640;Vestibuläre Verblendung Komposite;89,97;2025-01-02;7;90;0;0;
1;1;1650;Zahnfleisch Komposite;24,39;2025-01-02;7;25;0;0;
1;1;2010;Metallbasis;171,83;2025-01-02;7;167;0;0;
1;1;2021;Einarmige gegossene Haltevorrichtung;14,72;2025-01-02;7;13;0;0;
1;1;2022;Inlayklammer;10,37;2025-01-02;7;13;0;0;
1;1;2023;Fortlaufende Klammer;10,37;2013-01-29;7;13;0;0;
1;1;2024;Bonyhardklammer;10,37;2013-01-29;7;13;0;0;
1;1;2025;Kralle;14,72;2025-01-02;7;13;0;0;
1;1;2026;Ney-Stiel;14,72;2025-01-02;7;13;0;0;
1;1;2027;Auflage;14,72;2025-01-02;7;13;0;0;
1;1;2028;Umgehungsbügel bei Diastema;14,72;2025-01-02;7;13;0;0;
1;1;2031;Zweiarmige gegossene Haltevorrichtung;26,94;2025-01-02;7;22;0;0;
1;1;2032;Approximalklammer;19,00;2013-01-29;7;22;0;0;
1;1;2033;Ringklammer;19,00;2013-01-29;7;22;0;0;
1;1;2034;Rücklaufklammer;19,00;2013-01-29;7;22;0;0;
1;1;2035;Bonyhardklammer / Gegenlager;19,00;2013-01-29;7;22;0;0;
1;1;2036;Doppelbogenklammer;19,00;2013-01-29;7;22;0;0;
1;1;2041;Zweiarmige gegossene Halte- und Stützvorrichtung mit Auflage;36,39;2025-01-02;7;29;0;0;
1;1;2042;Approximalklammer / Auflage;25,65;2013-01-29;7;29;0;0;
1;1;2043;Ringklammer / Auflage;25,65;2013-01-29;7;29;0;0;
1;1;2044;Rücklaufklammer / Auflage;25,65;2013-01-29;7;29;0;0;
1;1;2045;Bonyhardklammer / Auflage;25,65;2013-01-29;7;29;0;0;
1;1;2046;Überwurfklammer / Auflage;25,65;2013-01-29;7;29;0;0;
1;1;2050;Bonwillklammer;66,40;2025-01-02;7;56;0;0;
1;1;2081;Rückenschutzplatte;48,06;2025-01-02;7;56;0;0;
1;1;2082;Metallzahn;48,06;2025-01-02;7;56;0;0;
1;1;2083;Metallkaufläche;48,06;2025-01-02;7;56;0;0;
1;1;2100;Lösungshilfe;13,90;2025-01-02;7;10;0;0;
1;1;2110;Unterfütterbarer Abschlussrand;22,18;2025-01-02;7;19;0;0;
1;1;2120;Zuschlag einzelne gegossene Klammer;23,06;2025-01-02;7;22;0;0;
1;1;3010;Aufstellung Grundeinheit;36,20;2025-01-02;7;30;0;0;
1;1;3020;Aufstellen Wachs oder Kunststoff je Zahn;2,16;2025-01-02;7;2;0;0;
1;1;3030;Aufstellen Metall je Zahn;2,84;2025-01-02;7;4;0;0;
1;1;3410;Übertragung je Zahn;1,78;2025-01-02;7;2;0;0;
1;1;3610;Fertigstellung Grundeinheit;60,76;2025-01-02;7;58;0;0;
1;1;3620;Fertigstellen je Zahn;3,90;2025-01-02;7;4;0;0;
1;1;3801;Einarmige Klammer;8,45;2013-01-29;7;10;0;0;
1;1;3802;Inlayklammer;8,45;2013-01-29;7;10;0;0;
1;1;3803;Interdental Knopfklammer;8,45;2013-01-29;7;10;0;0;
1;1;3804;Approximalklammer;8,45;2013-01-29;7;10;0;0;
1;1;3805;Auflage, gebogen;11,99;2025-01-02;7;10;0;0;
1;1;3806;Bonyhardklammer;8,45;2013-01-29;7;10;0;0;
1;1;3811;Zweiarmige Klammer / Auflage;14,27;2013-01-29;7;20;0;0;
1;1;3812;Bonyhardklammer / Auflage;14,27;2013-01-29;7;20;0;0;
1;1;3813;Überwurfklammer / Auflage;14,27;2013-01-29;7;20;0;0;
1;1;3814;Doppelbogenklammer;14,27;2013-01-29;7;20;0;0;
1;1;3821;Weichkunststoff;65,62;2025-01-02;7;50;0;0;
1;1;3822;Sonderkunststoff;65,62;2025-01-02;7;50;0;0;
1;1;3830;Zahn zahnfarben hergestellt;27,52;2025-01-02;7;20;0;0;
1;1;3840;Zahn zahnfarben hinterlegt;14,43;2025-01-02;7;20;0;0;
1;1;8010;Grundeinheit Instandsetzung Zahnersatz;23,40;2025-01-02;7;18;0;0;
1;1;8021;LE Sprung;10,09;2025-01-02;7;10;0;0;
1;1;8022;LE Bruch;10,09;2025-01-02;7;10;0;0;
1;1;8023;LE einarbeiten Zahn;10,09;2025-01-02;7;10;0;0;
1;1;8024;LE Basisteil Kunststoff;10,09;2025-01-02;7;10;0;0;
1;1;8025;LE Halte- und/oder Stützvorrichtung einarbeiten;10,09;2025-01-02;7;10;0;0;
1;1;8026;LE Rückenschutzplatte einarbeiten;10,09;2025-01-02;7;10;0;0;
1;1;8027;LE Kunststoffsattel;10,09;2025-01-02;7;10;0;0;
1;1;8030;Retention gebogen;43,90;2025-01-02;7;62;0;0;
1;1;8040;Retention gegossen;55,45;2024-01-05;7;76;0;0;
1;1;8060;Gegossenes Basisteil;84,00;2025-01-02;7;95;0;0;
1;1;8070;Metallbverbindung / Wiederherstellung;21,98;2025-01-02;7;32;0;0;
1;1;8080;Teilunterfütterung einer Basis;43,06;2025-01-02;7;28;0;0;
1;1;8090;Vollständige Unterfütterung;68,86;2025-01-02;7;65;0;0;
1;1;8100;Prothesenbasis erneuern;84,27;2025-01-02;7;80;0;0;
1;1;8130;Auswechseln Konfektionsteil;14,77;2025-01-02;7;15;0;0;
1;1;8200;Instandsetzung Krone / Flügel / Brückenglied;43,32;2025-01-02;7;25;0;0;
1;1;9330;Versandkosten;6,84;2025-01-09;7;0;0;0;
1;1;9700;Verarbeitungsaufwand NEM-Legierung;16,43;2025-01-02;7;0;0;0;
1;1;7110;Abschirmelement;22,99;2025-01-09;7;22;0;0;
3;1;0001;Modell aus Hartgips;8,09;2025-01-09;7;8;0;0;
3;1;0002;Modell aus Superhartgips;12,96;2025-01-09;7;12;0;0;
3;1;0003;Okklusionsmodell;8,09;2025-01-09;7;8;0;0;
3;1;0004;Modell nach Abformgerät;8,09;2025-01-09;7;8;0;0;
3;1;0005;Modell für Modellguss;12,96;2025-01-09;7;12;0;0;
3;1;0006;Zahnkranz ausgiessen;6,58;2025-01-09;7;10;0;0;
3;1;0007;Kontrollmodell;8,09;2025-01-09;7;8;0;0;
3;1;0008;Modell für Facette;8,09;2025-01-09;7;20;0;0;
3;1;0009;Modell aus Kunststoff;20,90;2025-01-09;7;25;0;0;
3;1;0010;Spezialmodell;12,96;2025-01-09;7;33;0;0;
3;1;0011;Modell aus feuerfester Masse;12,96;2025-01-09;7;10;0;0;
3;1;0012;Teilmodell aus feuerfester Masse;12,96;2025-01-09;7;13;0;0;
3;1;0014;Lötmodell aus feuerfester Masse;12,96;2025-01-09;7;8;0;0;
3;1;0019;Frässockel;12,96;2025-01-09;7;9;0;0;
3;1;0020;Remontage-Modell;8,09;2025-01-09;7;25;0;0;
3;1;0021;Modell für Sägesegmente;19,85;2025-01-09;7;24;0;0;
3;1;0022;Okklusionsmodell für Sägesegmente;19,85;2025-01-09;7;0;0;0;
3;1;0023;Modell für Einzelstümpfe;19,85;2025-01-09;7;13;0;0;
3;1;0026;Modell nach Funktionsabdruck;19,85;2025-01-09;7;0;0;0;
3;1;0103;Modellsegment sägen;11,38;2025-01-09;7;12;0;0;
3;1;0104;Stumpf aus Superhartgips;13,74;2025-01-09;7;8;0;0;
3;1;0105;Stumpf aus Kunststoff;16,05;2025-01-09;7;8;0;0;
3;1;0106;Stumpf aus Metall;22,98;2025-01-09;7;0;0;0;
3;1;0112;Stumpf aus feuerfester Masse;22,98;2025-01-09;7;15;0;0;
3;1;0114;Zweitstumpf aus Superhartgips;13,74;2025-01-09;7;6;0;0;
3;1;0115;Zweitstumpf aus Kunststoff;13,74;2025-01-09;7;6;0;0;
3;1;0116;Zweitstumpf aus Metall;22,98;2025-01-09;7;9;0;0;
3;1;0117;Kunststoffstumpf, festsitzend;16,05;2025-01-09;7;7;0;0;
3;1;0201;Stumpfabdruck galvanisieren;16,31;2021-01-05;7;6;0;0;
3;1;0205;Abdruck galvanisieren;16,31;2021-01-05;7;15;0;0;
3;1;0211;Abdruckmanschette;10,40;2025-01-09;7;0;0;0;
3;1;0212;Dowel-Pin setzen;5,03;2025-01-09;7;2;0;0;
3;1;0213;Ausblocken eines Stumpfes;2,78;2025-01-09;7;3;0;0;
3;1;0214;Reponieren eines Stumpfes;6,20;2025-01-09;7;5;0;0;
3;1;0215;Zweitstumpfübertragung in Arbeitsmodell;6,20;2025-01-09;7;8;0;0;
3;1;0216;Stumpf vorbereiten;3,41;2025-01-09;7;4;0;0;
3;1;0217;Stumpf unter Mikroskop vorbereiten;3,41;2025-01-09;7;16;0;0;
3;1;0221;Hilfsteil in Abdruck;17,01;2025-01-09;7;8;0;0;
3;1;0222;Modellergänzung aus Kunststoff;17,13;2025-01-09;7;18;0;0;
3;1;0223;Zahnfleischmaske, abnehmbar;17,13;2025-01-09;7;22;0;0;
3;1;0224;Modellimplantat repositionieren;17,01;2025-01-09;7;8;0;0;
3;1;0225;Implantatpfosten auf Modellierimplantat aufschrauben;5,78;2025-01-09;7;4;0;0;
3;1;0231;Stumpfmodell aus Metall für galvanischen Aufbau;25,95;2013-01-08;7;0;0;0;
3;1;0241;Dublieren eines Modelles oder Modellteiles;17,01;2025-01-09;7;10;0;0;
3;1;0243;Dublieren eines Einzelstumpfes;17,01;2025-01-09;7;8;0;0;
3;1;0251;Angeliefertes Modell untersockeln;6,94;2025-01-09;7;7;0;0;
3;1;0252;Angeliefertes Modell oder Zahnkranz bearbeiten;6,94;2025-01-09;7;8;0;0;
3;1;0253;Split-Cast-Sockel an Modell;13,69;2025-01-09;7;15;0;0;
3;1;0301;Zahn vermessen;6,35;2025-01-09;7;1;0;0;
3;1;0302;Modell vermessen;12,13;2025-01-09;7;6;0;0;
3;1;0303;Modell ausblocken;9,35;2025-01-09;7;2;0;0;
3;1;0304;Zahn radieren;5,30;2025-01-09;7;1;0;0;
3;1;0306;Abdecken eines Kieferteiles;6,12;2025-01-09;7;3;0;0;
3;1;0307;Radieren des Abschlussrandes;6,12;2025-01-09;7;3;0;0;
3;1;0308;Radieren nach System;8,66;2025-01-09;7;6;0;0;
3;1;0401;Modellmontage in Fixator;10,52;2025-01-09;7;10;0;0;
3;1;0402;Modellmontage in Mittelwertartikulator I;11,91;2025-01-09;7;12;0;0;
3;1;0403;Modellmontage in Mittelwertartikulator II;11,91;2025-01-09;7;14;0;0;
3;1;0404;Modellmontage in individuellen Artikulator I;56,48;2025-01-09;7;13;0;0;
3;1;0405;Modellmontage in individuellen Artikulator II;59,94;2025-01-09;7;12;0;0;
3;1;0406;Modellmontage nach arbiträrer Scharnierachsenbestimmung;26,24;2025-01-09;7;22;0;0;
3;1;0408;Montage eines Gegenkiefermodelles;23,05;2025-01-09;7;8;0;0;
3;1;0411;Modellmontage in Mandibular-Positions-Variator (MPV);12,32;2025-01-09;7;0;0;0;
3;1;0501;Übertragungslehre für Zweitmontage;0,00;2025-01-09;7;0;0;0;
3;1;0511;Mehraufwand für Einstellen nach Zentrikregistrat;17,33;2025-01-09;7;8;0;0;
3;1;0521;Auswerten eines Registrates;28,76;2025-01-09;7;15;0;0;
3;1;0522;Frontzahnführungsteller individuell;28,76;2025-01-09;7;0;0;0;
3;1;0523;Pfeilwinkel auf Frontzahnführungsteller übertragen;18,37;2025-01-09;7;0;0;0;
3;1;0531;Zusatzaufwand für Einstellen nach Remontage;10,40;2025-01-09;7;8;0;0;
3;1;0601;Modellpaar trimmen, okklusionsbezogen;8,40;2025-01-09;7;16;0;0;
3;1;0602;Modellpaar sockeln, dreidimensional;8,40;2025-01-09;7;33;0;0;
3;1;0603;Modellpaar sockeln, dreidimensional, in Kunststoff-Form;8,40;2025-01-09;7;33;0;0;
3;1;0604;Modellpaar in Gipssockel fixieren;10,52;2025-01-09;7;0;0;0;
3;1;0701;Versand je Versandgang;6,84;2025-01-09;7;0;0;0;
3;1;0702;Sonderversand oder Fahrtkosten;14,60;2025-01-09;7;0;0;0;
3;1;0703;Depotführung Zähne;0,00;2025-01-09;7;0;0;0;
3;1;0704;Depotführung Legierung;0,00;2025-01-09;7;0;0;0;
3;1;0706;Foto- oder Videodokumentation;0,00;2025-01-09;7;0;0;0;
3;1;0710;Eilterminzuschlag;25,00;2025-01-09;7;0;0;0;
3;1;0711;Artikulator teiladjustierbar ausleihen;0,00;2025-01-09;7;0;0;0;
3;1;0712;Artikulator volladjustierbar ausleihen;0,00;2025-01-09;7;0;0;0;
3;1;0721;Zeiteinheit, Zahntechniker-Meister;15,75;2025-01-09;7;0;0;0;
3;1;0722;Zeiteinheit Zahntechniker;10,50;2025-01-09;7;0;0;0;
3;1;0723;Zahnfarbenbestimmung I (in Labor);10,50;2025-01-09;7;0;0;0;
3;1;0724;Zahnfarbenbestimmung II (in Praxis);20,90;2025-01-09;7;0;0;0;
3;1;0731;Individuelle Namenskennzeichnung;0,00;2025-01-09;7;0;0;0;
3;1;0732;Desinfektion;5,25;2025-01-09;7;0;0;0;
3;1;0801;Prothetische Planung;18,38;2025-01-09;7;0;0;0;
3;1;0802;Prothetische Anternativplanung;18,38;2025-01-09;7;0;0;0;
3;1;0811;Modellanalyse für Prothetik;0,00;2025-01-09;7;0;0;0;
3;1;0812;Modellanalyse für KFO;0,00;2025-01-09;7;0;0;0;
3;1;0813;Modellanalyse für Gnathologie;0,00;2025-01-09;7;0;0;0;
3;1;0814;Modellanalyse für Implantologie;0,00;2025-01-09;7;0;0;0;
3;1;0815;Implantatachse und Ort festlegen (je Zahn);16,28;2025-01-09;7;0;0;0;
3;1;0821;Kostenplan für Prothetik;20,90;2025-01-09;7;0;0;0;
3;1;0822;Kostenplan für KFO;20,90;2025-01-09;7;0;0;0;
3;1;0831;Zahn diagnostisch beschleifen oder radieren;0,00;2025-01-09;7;0;0;0;
3;1;0832;Diagnostisches Modellieren und Aufwachsen;51,45;2025-01-09;7;0;0;0;
3;1;0833;SET-UP je Zahn;7,34;2025-01-09;7;0;0;0;
3;1;0834;Diagnostisches Aufstellen von Konfektionszähnen;16,70;2025-01-09;7;0;0;0;
3;1;0835;Vermessen und Auswerten im Mandibular-Positions-Indikator (MPI);0,00;2025-01-09;7;0;0;0;
3;1;0836;Vermessen und Auswerten im Mandibular-Positions-Variaror (MPV);0,00;2025-01-09;7;0;0;0;
3;1;1001;Basis aus Thermoplastischem Material;14,67;2025-01-09;7;15;0;0;
3;1;1002;Basis tiefgezogen;14,67;2025-01-09;7;0;0;0;
3;1;1003;Basis aus Kunststoff;27,65;2025-01-09;7;36;0;0;
3;1;1004;Funktionslöffel All Oral;27,65;2025-01-09;7;0;0;0;
3;1;1005;Funktionslöffel aus Kunststoff;27,65;2025-01-09;7;27;0;0;
3;1;1006;Individueller Löffel aus Kunststoff;27,65;2025-01-09;7;29;0;0;
3;1;1011;Basis aus Kunststoff, bei Defektversorgung;27,65;2025-01-09;7;30;0;0;
3;1;1012;Basis aus Kunststoff, auf Implantat;27,65;2025-01-09;7;0;0;0;
3;1;1019;Basis für neue Abdrucknahme vorbereiten;27,65;2025-01-09;7;0;0;0;
3;1;1111;Bisswall aus Wachs, auf Basis;7,98;2025-01-09;7;10;0;0;
3;1;1112;Bisswall aus thermoplastischem Material, auf Basis;7,98;2025-01-09;7;16;0;0;
3;1;1113;Bisswall aus Kunststoff, auf Basis;7,98;2025-01-09;7;16;0;0;
3;1;1114;Bisswall, folienbeschichtet nach Schreinemakers, auf Basis;7,98;2025-01-09;7;15;0;0;
3;1;1115;Registrierplatte und Stift auf Basen;35,55;2025-01-09;7;24;0;0;
3;1;1116;FGB Registrierhilfe;33,86;2025-01-09;7;0;0;0;
3;1;1121;Spezialbissplatte;35,86;2021-01-05;7;18;0;0;
3;1;1122;Wachsplatte für Bissregistrierung in Artikulator vorbereitet;7,98;2025-01-09;7;0;0;0;
3;1;1131;Kunststoffaufbau zur Bissfixierung;7,98;2025-01-09;7;17;0;0;
3;1;1201;Übertragungskappe aus Kunststoff;30,44;2025-01-09;7;17;0;0;
3;1;1202;Übertragungskappe aus Metall;30,44;2025-01-09;7;34;0;0;
3;1;1204;Tiefziehteil;22,06;2025-01-09;7;0;0;0;
3;1;1221;Parallelbohrschablone pro Zahn;107,63;2025-01-09;7;0;0;0;
3;1;1222;Remontageschiene;0,00;2025-01-09;7;0;0;0;
3;1;1223;Parallelbohrschablone für Implantat;107,63;2025-01-09;7;36;0;0;
3;1;1224;Glasklare Positionierungsschiene;102,80;2025-01-09;7;0;0;0;
3;1;1225;Implantat-Kontrollschablone;102,80;2025-01-09;7;15;0;0;
3;1;1231;Paraokklusaler Löffel;0,00;2025-01-09;7;0;0;0;
3;1;1241;Ätzmaske für Brackets;125,95;2025-01-09;7;0;0;0;
3;1;1242;Übertragungsmaske für Brackets;125,95;2025-01-09;7;0;0;0;
3;1;1251;Vorwall;6,20;2025-01-09;7;0;0;0;
3;1;1311;Röntgenkugel positionieren;16,70;2025-01-09;7;2;0;0;
3;1;1312;Positionierungsstift;16,70;2025-01-09;7;2;0;0;
3;1;1321;Prothetisches Hilfsteil in Basis einarbeiten;27,20;2025-01-09;7;0;0;0;
3;1;1341;Walkhoffsche Tastkugel in Basis einarbeiten;0,00;2025-01-09;7;0;0;0;
3;1;1351;Vorwall und Zähne nach Einprobe über Implantat anpassen;30,35;2025-01-09;7;0;0;0;
3;1;1401;Provisorische Krone, Brückenglied, Stiftzahn, Onlay, Inlay aus KST anfertigen;40,72;2025-01-09;7;40;0;0;
3;1;1402;Provisorische Krone, Brückenglied, Stiftzahn, Onlay, Inlay aus Metall;48,25;2025-01-09;7;52;0;0;
3;1;1403;Metallarmierung für provisorische Versorgung;0,00;2025-01-09;7;34;0;0;
3;1;1404;Formteil für provisorische Versorgung;22,06;2025-01-09;7;18;0;0;
3;1;1411;Aufstellen eines fehlenden Zahnes zum Herstellen eines Formteiles;3,68;2025-01-09;7;0;0;0;
3;1;1421;Metallprovisorium verblenden, einfarbig;31,40;2025-01-09;7;0;0;0;
3;1;1422;Metallprovisorium verblenden, mehrfarbig;52,40;2025-01-09;7;0;0;0;
3;1;1601;Testplättchen aus Metall;5,25;2025-01-09;7;27;0;0;
3;1;1602;Testplättchen aus Kunststoff;5,25;2025-01-09;7;27;0;0;
3;1;1603;Testplättchen aus Keramik;5,25;2025-01-09;7;27;0;0;
3;1;1604;Testplättchen aus Polymer-Glas;5,25;2025-01-09;7;27;0;0;
3;1;1611;Testplättchen aus Metall/Kunststoff;10,50;2025-01-09;7;0;0;0;
3;1;1612;Testplättchen aus Metallkeramik;10,50;2025-01-09;7;0;0;0;
3;1;1613;Testplättchen aus Metall/Polamer-Glas;10,50;2025-01-09;7;0;0;0;
3;1;2001;Wurzelstift gegossen;26,20;2025-01-09;7;34;0;0;
3;1;2002;Stiftaufbau direkt;22,17;2025-01-09;7;27;0;0;
3;1;2003;Stiftaufbau indirekt;67,06;2025-01-09;7;39;0;0;
3;1;2011;Wurzelkappe direkt, ohne Aufbau;78,70;2025-01-09;7;27;0;0;
3;1;2012;Wurzelkappe indirekt, ohne Aufbau;94,85;2025-01-09;7;46;0;0;
3;1;2021;Galvano-Wurzelkappe;90,33;2021-01-05;7;0;0;0;
3;1;2031;Implantat für Kronen oder Brückenpfeiler herstellen;0,00;2021-01-05;7;72;0;0;
3;1;2032;Verlängerungshülse für Implantat;65,90;2010-07-29;7;10;0;0;
3;1;2051;Hartkernstiftaufbau;63,87;2021-01-05;7;0;0;0;
3;1;2052;Glasstift gegossen;0,00;2005-01-01;7;64;0;0;
3;1;2101;Krone gegossen;101,95;2025-01-09;7;60;0;0;
3;1;2102;Krone gegossen, nach Stufenpräparation;101,95;2025-01-09;7;71;0;0;
3;1;2103;Halbkrone gegossen;101,95;2025-01-09;7;62;0;0;
3;1;2104;Dreiviertelkrone gegossen;101,95;2025-01-09;7;68;0;0;
3;1;2105;Anker gegossen, für Klebebrücke;100,49;2025-01-09;7;50;0;0;
3;1;2107;Wurzelkappe gegossen, mit Aufbau für Krone;94,85;2025-01-09;7;52;0;0;
3;1;2109;Implantat-Divergenz-Ausgleichskrone gegossen;94,85;2025-01-09;7;55;0;0;
3;1;2111;Krone, gegossen, für Kunststoffverblendung;101,95;2025-01-09;7;72;0;0;
3;1;2112;Facette gegossen;101,95;2025-01-09;7;45;0;0;
3;1;2117;Wurzelkappe gegossen, mit Rückenplatte/Kaufläche für Kunststoffverblendung;101,95;2025-01-09;7;73;0;0;
3;1;2121;Krone gegossen, für Keramik- oder Polymer-Glas-Teilverbl.;101,95;2025-01-09;7;65;0;0;
3;1;2122;Krone gegossen, für Keramik- oder Polymer-Glas-Vollverbl.;101,95;2025-01-09;7;54;0;0;
3;1;2123;Stufenkrone gegossen, für Keramik- oder Polymer-Glas Teilverbl.;101,95;2025-01-09;7;0;0;0;
3;1;2124;Stufenkrone gegossen, für Keramik- oder Polymer-Glas Vollverbl.;101,95;2025-01-09;7;0;0;0;
3;1;2126;Dreiviertelkrone gegossen, für Keramik- oder Polymer-Glas-Verblendung;101,95;2025-01-09;7;0;0;0;
3;1;2127;Wurzelkappe gegossen, mit Rückenplatte/Kaufläche für Keramik- oder Polymer-Glas-Verbl.;101,95;2025-01-09;7;69;0;0;
3;1;2131;Galvanokrone für Verblendung;96,31;2021-01-05;7;60;0;0;
3;1;2132;Galvano-Kaufläche oder Rückenplatte;0,00;2005-01-01;7;0;0;0;
3;1;2141;Foliengerüst für Krone zur Keramikverblendung;0,00;2005-01-01;7;32;0;0;
3;1;2151;Krone gefräst;157,40;2025-01-09;7;0;0;0;
3;1;2152;Krone gefräst, nach Stufenpräparation;157,40;2025-01-09;7;0;0;0;
3;1;2153;Halbkrone gefräst;157,40;2025-01-09;7;0;0;0;
3;1;2154;Dreiviertelkrone gefräst;157,40;2025-01-09;7;0;0;0;
3;1;2155;Anker gefräst für Klebebrücke;157,40;2025-01-09;7;0;0;0;
3;1;2161;Krone gefräst, für Keramik- oder Polymer-Glas Teilverblendung;157,40;2025-01-09;7;0;0;0;
3;1;2162;Krone gefräst, für Keramik- oder Polymer-Glas Vollverblendung;157,40;2025-01-09;7;0;0;0;
3;1;2163;Stufenkrone gefräst, für Keramik- oder Polymer-Glas Teilverblendung;157,40;2025-01-09;7;0;0;0;
3;1;2164;Stufenkrone gefräst, für Keramik- oder Polymer-Glas Vollverblendung;157,40;2025-01-09;7;0;0;0;
3;1;2171;Sintergerüst für Krone zur Keramikverblendung;157,40;2025-01-09;7;0;0;0;
3;1;2181;Krone erodiert;90,33;2021-01-05;7;0;0;0;
3;1;2182;Krone erodiert, nach Stufenpräparation;90,33;2021-01-05;7;0;0;0;
3;1;2183;Halbkrone erodiert;97,09;2021-01-05;7;0;0;0;
3;1;2184;Dreiviertelkrone erodiert;97,09;2021-01-05;7;0;0;0;
3;1;2185;Anker erodiert, dür Klebebrücke;95,07;2021-01-05;7;0;0;0;
3;1;2187;Wurzelkappe erodiert, mit Aufbau;97,09;2021-01-05;7;0;0;0;
3;1;2191;Krone erodiert, für Keramik- oder Polymer-Glas Teilverblendung;96,31;2021-01-05;7;0;0;0;
3;1;2192;Krone erodiert, für Keramik- oder Polymer-Glas Vollverblendung;96,31;2021-01-05;7;0;0;0;
3;1;2193;Stufenkrone erodiert, für Keramik- oder Polymer-Glas Teilverblendung;96,31;2021-01-05;7;0;0;0;
3;1;2194;Stufenkrone erodiert, für Keramik- oder Polymer-Glas Vollverblendung;96,31;2021-01-05;7;0;0;0;
3;1;2196;Dreiviertelkrone erodiert, für Keramik- oder Polymer-Glas Verblendung;97,09;2021-01-05;7;0;0;0;
3;1;2211;Mantelkrone Frontzahn, Kunststoff;99,95;2005-01-01;7;64;0;0;
3;1;2212;Mantelkrone Seitenzahn, Kunststoff;99,95;2005-01-01;7;64;0;0;
3;1;2213;Stiftkrone Kunststoff;0,00;2005-01-01;7;64;0;0;
3;1;2219;Verbindungsstelle aus Kunststoff;0,00;2005-01-01;7;2;0;0;
3;1;2231;Mantelkrone Frontzahn, Keramik;175,50;2005-01-01;7;89;0;0;
3;1;2232;Mantelkrone Seitenzahn, Keramik;175,50;2005-01-01;7;91;0;0;
3;1;2241;Glaskrone gegossen;0,00;2005-01-01;7;110;0;0;
3;1;2242;Glaskrone gegossen, zur Keramikverblendung;0,00;2005-01-01;7;100;0;0;
3;1;2251;Krone aus Presskeramik;149,50;2011-02-17;7;123;0;0;
3;1;2252;Krone aus Presskeramik zur Keramikverblendung;125,90;2011-02-17;7;123;0;0;
3;1;2261;Krone aus Hartkernkeramik zur Keramikverblendung;0,00;2005-01-01;7;0;0;0;
3;1;2269;Verbindungsstelle aus Hartkernkeramik;0,00;2005-01-01;7;0;0;0;
3;1;2271;Mantelkrone Frontzahn aus Polymer-Glas;119,90;2010-07-29;7;0;0;0;
3;1;2272;Mantelkrone Seitenzahn aus Polymer-Glas;119,90;2010-07-29;7;0;0;0;
3;1;2273;Stiftkrone aus Polymer-Glas;119,90;2010-07-29;7;0;0;0;
3;1;2279;Verbindungsstelle aus Polymer-Glas;49,90;2010-07-29;7;0;0;0;
3;1;2281;Krone aus Keramik gefräst;157,40;2025-01-09;7;0;0;0;
3;1;2282;Krone aus Keramik gefräst, zur Keramikverblendung;157,40;2025-01-09;7;0;0;0;
3;1;2289;Verbindungsstelle aus Keramik gefräst;79,90;2010-07-29;7;0;0;0;
3;1;2311;Brückenglied gegossen, massiv;72,97;2025-01-09;7;38;0;0;
3;1;2312;Brückenglied gegossen für Kunststoffverblendung;72,97;2025-01-09;7;38;0;0;
3;1;2313;Brückenglied gegossen für Keramik- oder Polymer-Glas-Teilverblendung;72,97;2025-01-09;7;37;0;0;
3;1;2314;Brückenglied gegossen für Keramik- oder Polymer-Glas-Vollverblendung;72,97;2025-01-09;7;32;0;0;
3;1;2341;Foliengerüst für Brückenglied;72,97;2025-01-09;7;45;0;0;
3;1;2351;Brückenglied gefräst, massiv;157,40;2025-01-09;7;0;0;0;
3;1;2352;Brückenglied gefräst, für Kunststoffverblendung;157,40;2025-01-09;7;0;0;0;
3;1;2353;Brückenglied gefräst für Keramik- oder Polymer-Glas-Teilverblendung;157,40;2025-01-09;7;0;0;0;
3;1;2354;Brückenglied gefräst für Keramik- oder Polymer-Glas-Vollverblendung;157,40;2025-01-09;7;0;0;0;
3;1;2361;Brückenglied aus Keramik, massiv;157,40;2025-01-09;7;91;0;0;
3;1;2362;Hartkerngerüst für Brückenglied;119,90;2005-01-01;7;0;0;0;
3;1;2381;Brückenglied aus Kunststoff, massiv;99,90;2005-01-01;7;54;0;0;
3;1;2401;Gussinlay, indirekt, 1-fl.;101,95;2025-01-09;7;48;0;0;
3;1;2402;Gussinlay, indirekt, 2-fl.;101,95;2025-01-09;7;58;0;0;
3;1;2403;Gussinlay, indirekt, 3-fl.;101,95;2025-01-09;7;68;0;0;
3;1;2404;Gussinlay, indirekt, mehrfl.;101,95;2025-01-09;7;73;0;0;
3;1;2405;Kreuzgussinlay;101,95;2025-01-09;7;52;0;0;
3;1;2407;Guss-Onlay;101,95;2025-01-09;7;68;0;0;
3;1;2408;Gussinlay als Unterfüllung;101,95;2025-01-09;7;31;0;0;
3;1;2411;Inlaygerüst zur Verblendung, 1-fl.;101,95;2025-01-09;7;48;0;0;
3;1;2412;Inlaygerüst zur Verblendung, 2-fl.;101,95;2025-01-09;7;58;0;0;
3;1;2413;Inlaygerüst zur Verblendung, 3-fl.;101,95;2025-01-09;7;68;0;0;
3;1;2414;Inlaygerüst zur Verblendung, mehrfl.;111,95;2025-01-09;7;73;0;0;
3;1;2421;Inlay galvanisch aufgebaut, 1-fl.;0,00;2005-01-01;7;60;0;0;
3;1;2422;Inlay galvanisch aufgebaut, 2-fl.;0,00;2005-01-01;7;68;0;0;
3;1;2423;Inlay galvanisch aufgebaut, 3-fl.;0,00;2005-01-01;7;79;0;0;
3;1;2424;Inlay galvanisch aufgebaut, mehrfl.;0,00;2005-01-01;7;84;0;0;
3;1;2431;Sintergerüst für Inlay, 1-fl.;0,00;2005-01-01;7;64;0;0;
3;1;2432;Sintergerüst für Inlay, 2-fl.;0,00;2005-01-01;7;68;0;0;
3;1;2433;Sintergerüst für Inlay, 3-fl.;0,00;2005-01-01;7;75;0;0;
3;1;2434;Sintergerüst für Inlay, mehrfl.;0,00;2005-01-01;7;84;0;0;
3;1;2511;Inlay aus Kunststoff, 1-fl.;0,00;2005-01-01;7;38;0;0;
3;1;2512;Inlay aus Kunststoff, 2-fl.;0,00;2005-01-01;7;50;0;0;
3;1;2513;Inlay aus Kunststoff, 3-fl.;0,00;2005-01-01;7;64;0;0;
3;1;2514;Inlay aus Kunststoff, mehrfl.;0,00;2005-01-01;7;68;0;0;
3;1;2515;Onlay aus Kunststoff;0,00;2005-01-01;7;64;0;0;
3;1;2521;Inlay aus Keramik, 1-fl.;157,40;2025-01-09;7;89;0;0;
3;1;2522;Inlay aus Keramik, 2-fl.;157,40;2025-01-09;7;92;0;0;
3;1;2523;Inlay aus Keramik, 3-fl.;157,40;2025-01-09;7;95;0;0;
3;1;2524;Inlay aus Keramik, mehrfl.;157,40;2025-01-09;7;105;0;0;
3;1;2525;Onlay aus Keramik;157,40;2025-01-09;7;95;0;0;
3;1;2531;Inlay aus geg. Glas, 1-fl.;0,00;2005-01-01;7;95;0;0;
3;1;2532;Inlay aus geg. Glas, 2-fl.;0,00;2005-01-01;7;100;0;0;
3;1;2533;Inlay aus geg. Glas, 3-fl.;0,00;2005-01-01;7;106;0;0;
3;1;2534;Inlay aus geg. Glas, mehrfl.;0,00;2005-01-01;7;112;0;0;
3;1;2535;Onlay aus geg. Glas;0,00;2005-01-01;7;106;0;0;
3;1;2541;Inlay aus Presskeramik, 1-fl.;157,40;2025-01-09;7;89;0;0;
3;1;2542;Inlay aus Presskeramik, 2-fl.;157,40;2025-01-09;7;92;0;0;
3;1;2543;Inlay aus Presskeramik, 3-fl.;157,40;2025-01-09;7;95;0;0;
3;1;2544;Inlay aus Presskeramik, mehrfl.;157,40;2025-01-09;7;105;0;0;
3;1;2545;Onlay aus Presskeramik;157,40;2025-01-09;7;95;0;0;
3;1;2551;Inlay aus Keramik, gefräst, 1-fl.;157,40;2025-01-09;7;89;0;0;
3;1;2552;Inlay aus Keramik, gefräst, 2-fl.;157,40;2025-01-09;7;92;0;0;
3;1;2553;Inlay aus Keramik, gefräst, 3-fl.;157,40;2025-01-09;7;95;0;0;
3;1;2554;Inlay aus Keramik, gefräst, mehrfl.;157,40;2025-01-09;7;105;0;0;
3;1;2555;Onlay aus Keramik, gefräst;157,40;2025-01-09;7;95;0;0;
3;1;2556;Pro-Inlay, 1-fl.;0,00;2005-01-01;7;0;0;0;
3;1;2557;Pro-Inlay, 2-fl.;0,00;2005-01-01;7;0;0;0;
3;1;2558;Pro-Inlay, 3-fl.;0,00;2005-01-01;7;0;0;0;
3;1;2559;Pro-Inlay, mehrfl., Onlay;0,00;2005-01-01;7;0;0;0;
3;1;2571;Hartkernschale für Inlay, 1-fl.;0,00;2005-01-01;7;0;0;0;
3;1;2572;Hartkernschale für Inlay, 2-fl.;0,00;2005-01-01;7;0;0;0;
3;1;2573;Hartkernschale für Inlay, 3-fl.;0,00;2005-01-01;7;0;0;0;
3;1;2574;Hartkernschale für Inlay, mehrfl.;0,00;2005-01-01;7;0;0;0;
3;1;2575;Hartkernschale für Onlay;0,00;2005-01-01;7;0;0;0;
3;1;2581;Inlay aus Polymer-Glas, 1-fl.;0,00;2005-01-01;7;52;0;0;
3;1;2582;Inlay aus Polymer-Glas, 2-fl.;0,00;2005-01-01;7;57;0;0;
3;1;2583;Inlay aus Polymer-Glas, 3-fl.;0,00;2005-01-01;7;62;0;0;
3;1;2584;Inlay aus Polymer-Glas, mehrfl.;0,00;2005-01-01;7;67;0;0;
3;1;2585;Onlay aus Polymer-Glas;0,00;2005-01-01;7;67;0;0;
3;1;2589;Verbindungsstelle aus Polmer-Glas;0,00;2005-01-01;7;32;0;0;
3;1;2601;Teilverblendung aus Kunststoff;57,72;2025-01-09;7;37;0;0;
3;1;2602;Vollverblendung aus Kunststoff;82,85;2025-01-09;7;55;0;0;
3;1;2603;Verblendschale aus Kunststoff;56,80;2025-01-09;7;55;0;0;
3;1;2611;Teilverblendung aus Keramik;118,57;2025-01-09;7;59;0;0;
3;1;2612;Vollverblendung aus Keramik;130,88;2025-01-09;7;76;0;0;
3;1;2613;Verblendschale aus Keramik;157,40;2025-01-09;7;112;0;0;
3;1;2614;1-flächige Verblendung Keramik;118,57;2025-01-09;7;118;0;0;
3;1;2631;Verblendschale aus gegossenem Glas;0,00;2005-01-01;7;0;0;0;
3;1;2643;Verblendschale aus Presskeramik;157,40;2025-01-09;7;65;0;0;
3;1;2653;Verblendschale aus Keramik, gefräst;157,40;2025-01-09;7;75;0;0;
3;1;2661;Teilverblendung aus Polymer-Glas;90,25;2025-01-09;7;55;0;0;
3;1;2662;Vollverblendung aus Polymer-Glas;104,90;2025-01-09;7;75;0;0;
3;1;2663;Verblendschale aus Polymer-Glas;104,90;2025-01-09;7;75;0;0;
3;1;2671;Papille aus Kunststoff;18,36;2025-01-09;7;5;0;0;
3;1;2672;Zahnfleischpapille aus Kunststoff;18,36;2025-01-09;7;10;0;0;
3;1;2673;Wurzelpontic aus Kunststoff;18,36;2025-01-09;7;10;0;0;
3;1;2675;Schulter aus Keramik/Glas;59,71;2025-01-09;7;22;0;0;
3;1;2676;Papille aus Keramik/Glas;42,38;2025-01-09;7;18;0;0;
3;1;2677;Zahnfleisch aus Keramik/Glas;42,38;2025-01-09;7;42;0;0;
3;1;2679;Sattelpontic aus Keramik/Glas;42,38;2025-01-09;7;30;0;0;
3;1;2681;Schulter aus Polymer-Glas;41,90;2025-01-09;7;30;0;0;
3;1;2682;Papille aus Polymer-Glas;24,48;2025-01-09;7;10;0;0;
3;1;2683;Zahnfleisch aus Polymer-Glas;24,48;2025-01-09;7;15;0;0;
3;1;2684;Wurzelpontic aus Polymer-Glas;24,48;2025-01-09;7;15;0;0;
3;1;2685;Sattelpontic aus Polymer-Glas;24,48;2025-01-09;7;25;0;0;
3;1;2689;Farbgebung durch bemalen;29,90;2025-01-09;7;70;0;0;
3;1;2691;Konfektionszahn aus Keramik einarbeiten;0,00;2025-01-09;7;28;0;0;
3;1;2695;Kosmetische Modellation für Einprobe;0,00;2025-01-09;7;0;0;0;
3;1;2801;Kaufläche nach gnathologischen Kriterien gestaltet, in Metall;19,85;2025-01-09;7;22;0;0;
3;1;2802;Kaufläche nach gnathologischen Kriterien gestaltet, in Keramik;22,84;2025-01-09;7;27;0;0;
3;1;2803;Frontzahn nach gnathologischen Kriterien gestaltet, in Metall;19,85;2025-01-09;7;14;0;0;
3;1;2804;Frontzahn nach gnathologischen Kriterien gestaltet, in Keramik;22,84;2025-01-09;7;14;0;0;
3;1;2811;Selektves Einschleifen nach Remontage Krone/Brückenglied;20,90;2025-01-09;7;15;0;0;
3;1;2812;Selektives Einschleifen FGB;0,00;2005-01-01;7;15;0;0;
3;1;2901;Stiftaufbau in vorhandene Krone;17,02;2025-01-09;7;12;0;0;
3;1;2902;Herausnehmbarer Stift in Stiftaufbau;0,00;2005-01-01;7;15;0;0;
3;1;2903;Retention an Wurzelstift;0,00;2005-01-01;7;6;0;0;
3;1;2904;Angelieferte Modellation giessen;49,90;2025-01-09;7;27;0;0;
3;1;2905;Guss nach angelieferter Modellation bearbeiten;27,20;2025-01-09;7;16;0;0;
3;1;2906;Stift in Inlay zum Pinledge;0,00;2005-01-01;7;15;0;0;
3;1;2907;Brückenteilungsgeschiebe, individuell;265,40;2025-01-09;7;65;0;0;
3;1;2908;Brückenteilungsgeschiebe, konfektioniert;131,51;2025-01-09;7;35;0;0;
3;1;2911;Krone, Brückenglied für Klammer vorbereitet;17,09;2025-01-09;7;10;0;0;
3;1;2912;Krone, Brückenglied, Inlay passend für vorhandene Prothese aufbereiten;17,09;2025-01-09;7;18;0;0;
3;1;2913;Umgehungsbügel bei Diastema;14,77;2025-01-09;7;14;0;0;
3;1;2914;Sphärischer Kontakt;20,90;2025-01-09;7;4;0;0;
3;1;2915;Okklusaler Stop;0,00;2005-01-01;7;8;0;0;
3;1;2916;Lösungsknopf für abnehmbare Brücke;20,90;2025-01-09;7;8;0;0;
3;1;2917;Lösungsknopf für Krone oder Inlay;20,90;2025-01-09;7;2;0;0;
3;1;2918;Auflage an Brückenglied;20,90;2025-01-09;7;14;0;0;
3;1;2921;Kaufläche nacharbeiten;19,90;2025-01-09;7;10;0;0;
3;1;2922;Krone/Inlay/Brückenglied aufpassen;19,90;2025-01-09;7;8;0;0;
3;1;2931;Zusatzaufwand bei vorhandenem Primärteil;0,00;2005-01-01;7;25;0;0;
3;1;2932;Zusatzaufwand bei vorhandenem Sekundärteil;0,00;2005-01-01;7;35;0;0;
3;1;2941;Individuell charakterisieren, Kunststoff;20,90;2025-01-09;7;20;0;0;
3;1;2945;Individuell charakterisieren, Polymer-Glas;26,04;2025-01-09;7;25;0;0;
3;1;2951;Individuell charakterisieren, Keramik;52,40;2025-01-09;7;30;0;0;
3;1;2952;Zuschlag bei Verarbeitung von Spezialkeramik;0,00;2005-01-01;7;20;0;0;
3;1;2954;Verbindungsstelle Keramik/Glas;0,00;2005-01-01;7;8;0;0;
3;1;2955;Glasieren, je Einheit;0,00;2005-01-01;7;5;0;0;
3;1;2959;Mehraufwand durch Rohbrandeinprobe;47,25;2025-01-09;7;8;0;0;
3;1;2961;Kronenverband, Brücken, 6 Einheiten u. mehr;40,95;2025-01-09;7;20;0;0;
3;1;2963;Mehrere Farben in Kronen- oder Brückenverband;20,90;2025-01-09;7;25;0;0;
3;1;2965;Zuschlag für Arbeiten unter Stereomikroskop;19,69;2025-01-09;7;15;0;0;
3;1;2971;Aufwand bei Suprastruktur auf Implantat;55,13;2025-01-09;7;25;0;0;
3;1;2972;Aufwand zu Suprastruktur bei verschraubbarem Implantat;70,25;2025-01-09;7;42;0;0;
3;1;2973;Bearbeiten eines Implantatkopfes;24,05;2025-01-09;7;0;0;0;
3;1;2974;Drehsicherungsstop bei Implantat;47,15;2025-01-09;7;40;0;0;
3;1;2981;NEM-Zuschlag;14,60;2025-01-09;7;0;0;0;
3;1;2982;Sonderlegierung verarbeiten;0,00;2005-01-01;7;0;0;0;
3;1;2983;Titan verarbeiten bei festsitzendem Zahnersatz;0,00;2005-01-01;7;0;0;0;
3;1;3001;Teleskopkrone primär;211,96;2025-01-09;7;55;0;0;
3;1;3002;Doppelkrone primär;211,96;2025-01-09;7;55;0;0;
3;1;3003;Teleskop- oder Doppelkrone primär, als Wurzelstiftkrone;211,96;2025-01-09;7;60;0;0;
3;1;3004;Teleskop-Teilkrone primär;211,96;2025-01-09;7;73;0;0;
3;1;3005;Teleskop-Teilkrone primär für Kunststoffverblendung;211,96;2025-01-09;7;84;0;0;
3;1;3006;Teleskop-Teilkrone primär für Keramikverblendung;211,96;2025-01-09;7;78;0;0;
3;1;3011;Konuskrone primär;211,96;2025-01-09;7;60;0;0;
3;1;3012;Konuskrone primär, als Wurzelstiftkrone;211,96;2025-01-09;7;65;0;0;
3;1;3021;Individuelles Geschiebe primär;149,45;2025-01-09;7;35;0;0;
3;1;3022;Lager für RS-Geschiebe;63,20;2025-01-09;7;18;0;0;
3;1;3023;Lager für Ankerbandklammer;63,20;2025-01-09;7;30;0;0;
3;1;3024;Lager für Raste;63,20;2025-01-09;7;6;0;0;
3;1;3025;Umlaufraste für Schubverteilungsarm;63,20;2025-01-09;7;10;0;0;
3;1;3031;Individueller Steg, GE;45,05;2025-01-09;7;38;0;0;
3;1;3032;Individueller Steg, Längeneinheit;15,65;2025-01-09;7;8;0;0;
3;1;3101;Umlaufende Fräsung;31,40;2025-01-09;7;11;0;0;
3;1;3102;Rillen-Schulter-Fräsung;41,90;2025-01-09;7;22;0;0;
3;1;3103;Teilfräsung;30,35;2025-01-09;7;10;0;0;
3;1;3104;Stegfräsung;30,35;2025-01-09;7;10;0;0;
3;1;3105;Geschiebefräsung;40,43;2025-01-09;7;22;0;0;
3;1;3106;Bohrung- und Fräsung für Friktionsstift;46,10;2025-01-09;7;8;0;0;
3;1;3112;Rillen-Funkenerosion;0,00;2005-01-01;7;0;0;0;
3;1;3115;Geschiebe-Funkenerosion;0,00;2005-01-01;7;0;0;0;
3;1;3116;Funkenerosion für Friktionsstift;0,00;2005-01-01;7;0;0;0;
3;1;3201;Teleskopkrone sekundär;211,96;2025-01-09;7;71;0;0;
3;1;3202;Teleskopkrone sekundär, für Kunststoffverblendung;211,96;2025-01-09;7;83;0;0;
3;1;3203;Teleskopkrone sekundär, für Keramikverblendung;211,96;2025-01-09;7;76;0;0;
3;1;3204;Konuskrone sekundär;211,96;2025-01-09;7;78;0;0;
3;1;3205;Konuskrone sekundär, für Kunststoffverblendung;211,96;2025-01-09;7;90;0;0;
3;1;3206;Konuskrone sekundär, für Keramikverblendung;211,96;2025-01-09;7;83;0;0;
3;1;3207;Doppelkrone sekundär;211,96;2025-01-09;7;60;0;0;
3;1;3208;Doppelkrone sekundär, für Kunststoffverblendung;211,96;2025-01-09;7;72;0;0;
3;1;3209;Doppelkrone sekundär, für Keramikverblendung;211,96;2025-01-09;7;65;0;0;
3;1;3210;Teleskop-Teilkrone sekundär;201,87;2021-01-05;7;55;0;0;
3;1;3211;Individuelles Geschiebe sekundär;142,33;2021-01-05;7;32;0;0;
3;1;3212;Rillen-Schulter-Geschiebe sekundär;142,33;2021-01-05;7;55;0;0;
3;1;3213;Ankerbandklammer, sekundär;142,33;2021-01-05;7;71;0;0;
3;1;3214;Raste in Lager;45,13;2021-01-05;7;6;0;0;
3;1;3215;Schubverteiluingsarm;45,13;2021-01-05;7;20;0;0;
3;1;3221;Individuelles Steggeschiebe;52,90;2005-01-01;7;48;0;0;
3;1;3222;Individuelles Steggeschiebe mit Gingivalfassung;52,90;2005-01-01;7;54;0;0;
3;1;3301;Individuelles Sekundärteil in/an Kunststoffbasis;83,34;2021-01-05;7;15;0;0;
3;1;3302;Individuelles Sekundärteil in/an Metallbasis;83,34;2021-01-05;7;15;0;0;
3;1;3303;Individuelles Sekundärteil in/an Brückenkörper;83,34;2021-01-05;7;15;0;0;
3;1;3321;Steggeschiebe individuell, in Kunststoffbasis;49,90;2005-01-01;7;34;0;0;
3;1;3322;Steggeschiebe individuell, in Metallbasis;58,90;2005-01-01;7;34;0;0;
3;1;3323;Steggeschiebe individuell, in Sekundärteil;58,90;2005-01-01;7;34;0;0;
3;1;3401;Drehriegel;165,00;2006-01-31;7;156;0;0;
3;1;3402;Doppel-Drehriegel;165,00;2006-01-31;7;171;0;0;
3;1;3403;Schwenkriegel;165,00;2006-01-31;7;156;0;0;
3;1;3404;Doppel-Schwenkriegel;165,00;2006-01-31;7;171;0;0;
3;1;3405;Schub- oder Steckriegel;165,00;2006-01-31;7;112;0;0;
3;1;3406;Doppelkronenriegel;165,00;2006-01-31;7;171;0;0;
3;1;3411;Drehriegel, funkenerodiert;0,00;2005-01-01;7;0;0;0;
3;1;3412;Doppel-Drehriegel, funkenerodiert;0,00;2005-01-01;7;0;0;0;
3;1;3413;Schwenkriegel, funkenerodiert;0,00;2005-01-01;7;0;0;0;
3;1;3414;Doppel-Schwenkriegel, funkenerodiert;0,00;2005-01-01;7;0;0;0;
3;1;3415;Schub- oder Steckriegel, funkenerodiert;0,00;2005-01-01;7;0;0;0;
3;1;3501;Konfektionsgeschiebe primär;87,51;2025-01-13;7;15;0;0;
3;1;3503;Konfektionsgeschiebe verriegelnd primär;87,51;2025-01-13;7;15;0;0;
3;1;3521;Konfektionssteg GE;79,00;2013-05-06;7;18;0;0;
3;1;3522;Konfektionssteg GE mit Schleimhautkontakt;0,00;2005-01-01;7;32;0;0;
3;1;3523;Konfektionssteg Längeneinheit;45,00;2013-05-06;7;2;0;0;
3;1;3524;Konfektionssteg Längeneinheit mit Schleimhautkontakt;55,00;2005-01-01;7;4;0;0;
3;1;3525;Steg-Abknickung;0,00;2005-01-01;7;10;0;0;
3;1;3541;Konfektionsriegel primär;98,00;2006-01-31;7;0;0;0;
3;1;3601;Konfektionsgeschiebe sekundär, in Kunststoffbasis;87,51;2025-01-13;7;20;0;0;
3;1;3602;Konfektionsgeschiebe sekundär, in Metallbasis;87,51;2025-01-13;7;20;0;0;
3;1;3603;Konfektionsgeschiebe verriegelt sekundär, in Metallbasis;83,34;2021-01-05;7;35;0;0;
3;1;3621;Konfektions-Steglasche an/in Kunststoffbasis;45,80;2013-05-06;7;18;0;0;
3;1;3622;Konfektions-Steggeschiebe an/in Kunststoffbasis;45,80;2005-01-01;7;34;0;0;
3;1;3623;Konfektions-Steglasche an/in Metallbasis;45,80;2005-01-01;7;18;0;0;
3;1;3624;Konfektions-Steggeschiebe an/in Metallbasis;45,80;2005-01-01;7;34;0;0;
3;1;3641;Konfektionsriegel sekundär;65,90;2006-01-31;7;0;0;0;
3;1;3901;Konfektioniertes Friktionselement in Sekundärteil;0,00;2005-01-01;7;18;0;0;
3;1;3902;Individuelles Friktionselement in Sekundärteil;0,00;2007-05-22;7;24;0;0;
3;1;3903;Friktionsstift einarbeiten;0,00;2007-05-22;7;8;0;0;
3;1;3904;Federbolzen;0,00;2005-01-01;7;36;0;0;
3;1;3905;Verschraubung/Verbolzung;62,90;2005-01-01;7;45;0;0;
3;1;3906;Verschaubung Implantat;62,90;2005-01-01;7;30;0;0;
3;1;3915;Verbolzung funkenerodiert;0,00;2005-01-01;7;0;0;0;
3;1;3921;Konfektionsteil zur Befestigung von abnehmbaren Zahnfleisch;0,00;2005-01-01;7;35;0;0;
3;1;3931;Lösungsknopf für Verbindungselement;13,29;2021-01-05;7;0;0;0;
3;1;3983;Titan verarbeiten bei Verbindungselementen;0,00;2005-01-01;7;0;0;0;
3;1;4001;Metallbasis OK, total;172,36;2025-01-13;7;88;0;0;
3;1;4002;Metallbasis OK, partiell;172,36;2025-01-13;7;97;0;0;
3;1;4003;Metallbasis UK, total;172,36;2025-01-13;7;77;0;0;
3;1;4004;Metallbasis UK, partiell;172,36;2025-01-13;7;97;0;0;
3;1;4005;Metallbasis als fortlaufende Klammer ohne Bügel;172,36;2025-01-13;7;124;0;0;
3;1;4006;Metallbasis UK als Vestibulärbügel;172,36;2025-01-13;7;114;0;0;
3;1;4007;Gitter total oder Bügel;172,36;2025-01-13;7;70;0;0;
3;1;4008;Gitter partiell;172,36;2025-01-13;7;70;0;0;
3;1;4010;Silberzinnbasis;164,15;2021-01-05;7;72;0;0;
3;1;4101;Einarmige Klammer;14,77;2025-01-13;7;10;0;0;
3;1;4102;Inlayklammer;14,77;2025-01-13;7;8;0;0;
3;1;4103;Kralle;14,77;2025-01-13;7;12;0;0;
3;1;4104;Approximalklammer;36,52;2025-01-13;7;15;0;0;
3;1;4105;Bonyhardklammer, J-Klammer;14,77;2025-01-13;7;15;0;0;
3;1;4106;Fortlaufende Klammer;14,77;2025-01-13;7;10;0;0;
3;1;4107;Gegenlager;14,77;2025-01-13;7;10;0;0;
3;1;4111;Zweiarmige Klammer;27,02;2025-01-13;7;15;0;0;
3;1;4112;Zweiarmige Klammer mit Auflage;36,52;2025-01-13;7;18;0;0;
3;1;4113;Rücklaufklammer;36,52;2025-01-13;7;20;0;0;
3;1;4114;Ringklammer;27,02;2025-01-13;7;15;0;0;
3;1;4115;Ringklammer mit Auflage;36,52;2025-01-13;7;18;0;0;
3;1;4116;Überwurfklammer, zweiarmig;27,02;2025-01-13;7;22;0;0;
3;1;4117;Bonyhardklammer, J-Klammer, mit Auflage und Gegenlager;36,52;2025-01-13;7;24;0;0;
3;1;4118;Doppelbogenklammer;27,02;2025-01-13;7;15;0;0;
3;1;4119;Bonwillklammer;66,61;2025-01-13;7;35;0;0;
3;1;4120;Jacksonklammer;27,02;2025-01-13;7;22;0;0;
3;1;4121;Stiel;14,77;2025-01-13;7;10;0;0;
3;1;4122;Auflage;14,77;2025-01-13;7;8;0;0;
3;1;4131;Kappe;18,79;2025-01-13;7;18;0;0;
3;1;4201;Gegossenen Retention;55,62;2025-01-13;7;25;0;0;
3;1;4202;Gegossenes Basisteil;84,26;2025-01-13;7;32;0;0;
3;1;4203;Retention an Sekundärteil;55,62;2025-01-13;7;8;0;0;
3;1;4401;Einarmige Klammer;13,64;2025-01-13;7;12;0;0;
3;1;4402;Inlayklammer;13,64;2025-01-13;7;12;0;0;
3;1;4403;Bonyhardklammer, J-Klammer;13,64;2025-01-13;7;10;0;0;
3;1;4404;Überwurfklammer, einarmig;13,64;2025-01-13;7;16;0;0;
3;1;4405;Doppelbogenklammer;13,64;2025-01-13;7;16;0;0;
3;1;4406;Interdental-Knopfklammer;13,64;2025-01-13;7;10;0;0;
3;1;4407;Kralle;13,64;2025-01-13;7;14;0;0;
3;1;4408;Gegenlager;13,64;2025-01-13;7;10;0;0;
3;1;4411;Zweiarmige Klammer;27,02;2025-01-13;7;12;0;0;
3;1;4412;Zweiarmige Klammer mit Auflage;27,02;2025-01-13;7;20;0;0;
3;1;4413;Bonyhardklammer, J-Klammer, mit Auflage und Gegenlager;27,02;2025-01-13;7;24;0;0;
3;1;4414;Überwurfklammer, zweiarmig;27,02;2025-01-13;7;20;0;0;
3;1;4421;Auflage;13,64;2025-01-13;7;10;0;0;
3;1;4431;Federarm incl. Federarmlager;27,02;2025-01-13;7;48;0;0;
3;1;4501;Gebogener Bügel, OK;0,00;2025-01-13;7;68;0;0;
3;1;4502;Gebogener Bügel, UK;0,00;2005-01-01;7;54;0;0;
3;1;4503;Gebogene Retention;44,04;2025-01-13;7;10;0;0;
3;1;4901;Kragenfassung;0,00;2005-01-01;7;8;0;0;
3;1;4902;Rückenschutzplatte für Kunststoffverblendung Frontzahn;48,23;2025-01-13;7;0;0;0;
3;1;4903;Rückenschutzplatte für Kunststoffverblendung Seitenzahn;48,23;2025-01-13;7;40;0;0;
3;1;4904;Rückenschutzplatte für Keramikverblendung;48,23;2025-01-13;7;36;0;0;
3;1;4905;Metallzahn;48,23;2025-01-13;7;35;0;0;
3;1;4906;Metallkaufläche;48,23;2025-01-13;7;31;0;0;
3;1;4907;Metallfläche als Tuberabdeckung;0,00;2005-01-01;7;10;0;0;
3;1;4908;Umgehungsbügel bei Diastema;14,77;2025-01-14;7;14;0;0;
3;1;4921;Hilfsteilpassung;0,00;2005-01-01;7;19;0;0;
3;1;4922;Stegpassung;0,00;2005-01-01;7;12;0;0;
3;1;4923;Führungsfläche;0,00;2005-01-01;7;10;0;0;
3;1;4931;Rotationsgelenk an Metallbasis;0,00;2005-01-01;7;36;0;0;
3;1;4941;Lösungsknopf für Friktionsprothese;14,77;2025-01-14;7;8;0;0;
3;1;4942;Unterfütterbarer Abschlussrand;22,26;2025-01-14;7;12;0;0;
3;1;4943;Saugkammer;0,00;2005-01-01;7;6;0;0;
3;1;4944;Retentionsknopf für Sauger;0,00;2005-01-01;7;15;0;0;
3;1;4951;Klammer, einzeln gegossen;23,13;2025-01-14;7;26;0;0;
3;1;4981;Mehraufwand für Ausführung in EM;0,00;2005-01-01;7;0;0;0;
3;1;4983;Titan verarbeiten bei herausnehmbaren Zahnersatz;0,00;2005-01-01;7;0;0;0;
3;1;5001;Lötung 1: Ohne Vorlöten bei gleichen Legierungen;21,01;2025-01-14;7;8;0;0;
3;1;5002;Lötung 2: Mit Vorlöten bei gleichen Legierungen;21,01;2025-01-14;7;12;0;0;
3;1;5003;Lötung 3: Mit Vorlöten bei unterschiedlichen Legierungen;21,01;2025-01-14;7;14;0;0;
3;1;5004;Lötung 4: Hilfsteil an Basislegieerung bei gleichen Legierungen;21,01;2025-01-14;7;12;0;0;
3;1;5005;Lötung 5: Hilfsteil an Basislegieerung bei unterschiedlichen Legierungen;21,01;2025-01-14;7;14;0;0;
3;1;5006;Zuschlag bei Lötung nach Keramikverblendung;35,34;2025-01-14;7;15;0;0;
3;1;5051;Lötung auf Modell, GE;20,98;2025-01-14;7;25;0;0;
3;1;5052;Lötung je zusätzliche Einheit;20,98;2025-01-14;7;12;0;0;
3;1;5053;Lötung Drahtbruch;20,98;2025-01-14;7;12;0;0;
3;1;5101;Lötfreie Verbindung, Primärteil;20,99;2025-01-14;7;6;0;0;
3;1;5102;Lötfreie Verbindung, Sekundärteil;20,98;2025-01-14;7;9;0;0;
3;1;5103;Lichtbogenschweissen;21,01;2025-01-14;7;5;0;0;
3;1;5104;Plasmaschweissen;21,01;2025-01-14;7;9;0;0;
3;1;5105;Laserschweissen;21,01;2025-01-14;7;14;0;0;
3;1;5109;Punktschweissen je Verbindung;21,01;2025-01-14;7;4;0;0;
3;1;5201;Vorvergoldung;35,99;2021-01-06;7;15;0;0;
3;1;5202;Hauptvergoldung;45,98;2021-01-06;7;10;0;0;
3;1;5203;Teilvergoldung;35,99;2021-01-06;7;30;0;0;
3;1;5204;Vollvergoldung;59,99;2021-01-06;7;25;0;0;
3;1;5205;Klammer vergolden;15,99;2021-01-06;7;30;0;0;
3;1;5206;Vergoldung Krone oder Brückenglied;15,99;2021-01-06;7;21;0;0;
3;1;5211;Lötvergoldung;25,99;2021-01-06;7;10;0;0;
3;1;5301;Deckgold aufbrennen;27,29;2025-01-14;7;8;0;0;
3;1;5302;Bonder aufbrennen;37,43;2025-01-14;7;8;0;0;
3;1;5305;Verzinnen;25,65;2021-01-06;7;8;0;0;
3;1;5306;Keramik/gegossenes Glas konditionieren;16,03;2021-01-05;7;4;0;0;
3;1;5307;Metallfläche konditionieren;16,83;2025-01-14;7;8;0;0;
3;1;5308;Modellgussteil konditionieren je Zahn;16,83;2025-01-14;7;12;0;0;
3;1;5309;Konststofffläche konditionieren;16,83;2025-01-14;7;4;0;0;
3;1;5401;Keramik/Gegossenes Glas ätzen;19,99;2021-01-06;7;4;0;0;
3;1;6001;Aufstellen GE;36,30;2025-01-14;7;27;0;0;
3;1;6002;Aufstellen auf Wachs oder Kunststoffbasis je Zahn;2,17;2025-01-14;7;6;0;0;
3;1;6003;Aufstellen auf Metall je Zahn;2,86;2025-01-14;7;7;0;0;
3;1;6004;Aufstellen je Zahn bei Totalprothesen OK/UK;2,17;2025-01-14;7;8;0;0;
3;1;6009;Umstellen je Zahn;2,17;2025-01-14;7;6;0;0;
3;1;6021;Übertragen einer Wachsaufstellung auf Metallbasis;1,79;2025-01-14;7;4;0;0;
3;1;6121;Zuschlag für Aufstellung bei Anwesenheit des Patienten;52,40;2025-01-14;7;0;0;0;
3;1;6142;Systemaufstellung II;52,40;2025-01-14;7;0;0;0;
3;1;6143;Systemaufstellung III;52,40;2025-01-14;7;0;0;0;
3;1;6144;Systemaufstellung IV;52,40;2025-01-14;7;0;0;0;
3;1;6301;Fertigstellung mit Kunststoffbasis GE;60,96;2025-01-14;7;60;0;0;
3;1;6302;Fertigstellung mit Kunststoffbasis je Zahn;3,93;2025-01-14;7;2;0;0;
3;1;6311;Fertigstellung Metallbasis GE;60,96;2025-01-14;7;35;0;0;
3;1;6312;Fertigstellung Metallbasis je Zahn;3,93;2025-01-14;7;4;0;0;
3;1;6401;Transparente Gaumenplatte;65,82;2025-01-14;7;31;0;0;
3;1;6402;Prothese aus transparentem Kunststoff;65,82;2025-01-14;7;15;0;0;
3;1;6403;Prothese aus Schwerkunststoff;65,82;2025-01-14;7;20;0;0;
3;1;6404;Basisteil aus Weichkunststoff;42,99;2025-01-14;7;42;0;0;
3;1;6405;Basis aus Weichkunststoff;65,83;2025-01-14;7;55;0;0;
3;1;6411;Spezialpressverfahren;65,83;2025-01-14;7;0;0;0;
3;1;6412;Sonderkunststoff verarbeiten;65,83;2025-01-14;7;0;0;0;
3;1;6414;Kunststoff an unterfütterbarem Abschlussrand;20,98;2025-01-14;7;8;0;0;
3;1;6421;Prothese aus Kautschuk;62,69;2021-01-05;7;0;0;0;
3;1;6431;Befestigung eines Zahnes mit zahnfarbenem Kunststoff, Pontic;14,50;2025-01-14;7;6;0;0;
3;1;6432;Herstellen eines Zahnes aus zahnfarbenem Kunststoff;27,60;2025-01-14;7;25;0;0;
3;1;6433;Kaufläche aus zahnfarbenem Kunststoff;27,60;2025-01-14;7;15;0;0;
3;1;6441;Charakterisieren einer Basis;43,73;2025-01-14;7;0;0;0;
3;1;6451;Zahnfleischklammer;31,48;2025-01-14;7;10;0;0;
3;1;6452;Pelottenklammer;31,48;2025-01-14;7;18;0;0;
3;1;6461;Lösungsknopf für Friktionsprothese;13,95;2025-01-14;7;6;0;0;
3;1;6481;Reokkludieren einer Prothese;27,28;2025-01-14;7;4;0;0;
3;1;6482;Remontage Prothetik;27,28;2025-01-14;7;20;0;0;
3;1;6483;Selektives Einschleifen Prothetik;27,28;2025-01-14;7;31;0;0;
3;1;6501;Netz einarbeiten;83,90;2025-01-14;7;33;0;0;
3;1;6502;Gussgitter einarbeiten;83,90;2025-01-14;7;16;0;0;
3;1;6503;Konfektioniertes Metallgitter anpassen und einarbeiten;83,90;2025-01-14;7;36;0;0;
3;1;6504;Draht einarbeiten;83,90;2025-01-14;7;12;0;0;
3;1;6505;Bügel einarbeiten;83,90;2025-01-14;7;16;0;0;
3;1;6506;Individuelle Beschwerungseinlage einarbeiten;83,90;2025-01-14;7;15;0;0;
3;1;6507;Konfektionierte Beschwerungseinlage einarbeiten;83,90;2025-01-14;7;18;0;0;
3;1;6509;Retention für Einzelzahn einarbeiten;44,04;2025-01-14;7;10;0;0;
3;1;6512;Saugkammer einarbeiten;0,00;2025-01-14;7;4;0;0;
3;1;6521;Metallfacette einarbeiten;0,00;2005-01-01;7;12;0;0;
3;1;6522;Inlay in Prothesenzahn einarbeiten;0,00;2005-01-01;7;45;0;0;
3;1;6531;Federpaar einarbeiten;0,00;2005-01-01;7;66;0;0;
3;1;6532;Magnetpaar einarbeiten;0,00;2005-01-01;7;48;0;0;
3;1;6936;Individuell charakterisieren, Konfektionszahn Keramik;0,00;2005-01-01;7;0;0;0;
3;1;6937;Individuell charakterisieren, Konfektionszahn Kunststoff;0,00;2005-01-01;7;0;0;0;
3;1;6938;Zuschlag für verschiedene Zahnfarben;0,00;2005-01-01;7;0;0;0;
3;1;7001;Basis für Einzelkiefergerät;74,46;2025-01-14;7;65;0;0;
3;1;7002;Basis für FKO-Gerät;157,29;2025-01-14;7;115;0;0;
3;1;7003;Grundbogen OK oder UK;74,46;2025-01-14;7;30;0;0;
3;1;7005;Positioner;157,29;2025-01-14;7;140;0;0;
3;1;7007;Vorhofplatte;62,93;2025-01-14;7;100;0;0;
3;1;7011;Kinnkappe mit Retentionshaken;62,93;2025-01-14;7;75;0;0;
3;1;7021;Basis für Schiefe Ebene aus Kunststoff;54,53;2025-01-14;7;48;0;0;
3;1;7031;Basis für Schiefe Ebenen aus Metall;172,76;2025-01-14;7;78;0;0;
3;1;7101;Tropfenklammer;13,64;2025-01-14;7;10;0;0;
3;1;7102;Ösenklammer;13,64;2025-01-14;7;10;0;0;
3;1;7104;Dreiecksklammer;13,64;2025-01-14;7;10;0;0;
3;1;7105;Pfeilanker;13,64;2025-01-14;7;10;0;0;
3;1;7106;Adams-Klammer;20,98;2025-01-14;7;16;0;0;
3;1;7107;Pfeilklammer;20,98;2025-01-14;7;20;0;0;
3;1;7108;Voss-Klammer;20,98;2025-01-14;7;16;0;0;
3;1;7109;Verankerungsklammer;20,98;2025-01-14;7;32;0;0;
3;1;7110;Haltesporn;13,64;2025-01-14;7;10;0;0;
3;1;7121;Dorn;13,64;2025-01-14;7;10;0;0;
3;1;7122;Auflage;13,64;2025-01-14;7;10;0;0;
3;1;7201;Frontaler- oder lateraler Aufbiss, hart;14,67;2025-01-14;7;16;0;0;
3;1;7202;Frontaler- oder lateraler Aufbiss, weich;14,67;2025-01-14;7;38;0;0;
3;1;7211;Schiefe Ebene aus Kunststoff;54,53;2025-01-14;7;18;0;0;
3;1;7221;Schiefe Ebene aus Metall, je Zahn;47,93;2025-01-14;7;25;0;0;
3;1;7231;Vorbiss oder Rückbiss;14,67;2025-01-14;7;18;0;0;
3;1;7241;Pelotte;23,07;2025-01-14;7;28;0;0;
3;1;7242;Kunststoffschild;23,07;2025-01-14;7;28;0;0;
3;1;7243;Zungengitter;23,07;2025-01-14;7;22;0;0;
3;1;7301;Labialbogen;27,26;2025-01-14;7;24;0;0;
3;1;7302;Labialbogen, modifiziert;36,71;2025-01-14;7;31;0;0;
3;1;7303;Labialbogen, intermaxillär;44,02;2025-01-14;7;48;0;0;
3;1;7304;Hochlabialbogen;36,71;2025-01-14;7;31;0;0;
3;1;7311;Feder, offen;12,60;2025-01-14;7;10;0;0;
3;1;7312;Feder, geschlossen;15,74;2025-01-14;7;14;0;0;
3;1;7313;Feder, gekreuzt;12,60;2025-01-14;7;12;0;0;
3;1;7314;Feder, kompliziert;15,74;2025-01-14;7;15;0;0;
3;1;7321;Protrusionsbogen;36,71;2025-01-14;7;20;0;0;
3;1;7322;Coffin-Feder;30,40;2025-01-14;7;30;0;0;
3;1;7323;Lingualbogen;30,40;2025-01-14;7;30;0;0;
3;1;7324;Palatinalbogen;30,40;2025-01-14;7;38;0;0;
3;1;7325;Lingualer Frontalbogen;30,40;2025-01-14;7;20;0;0;
3;1;7331;Aktiver Sporn;12,60;2025-01-14;7;12;0;0;
3;1;7332;Rücklaufsporn;12,60;2025-01-14;7;12;0;0;
3;1;7333;Führungssporn;12,60;2025-01-14;7;12;0;0;
3;1;7334;Interokklusal-Stop;21,20;2025-01-14;7;10;0;0;
3;1;7341;U-Bügel;36,71;2025-01-14;7;35;0;0;
3;1;7342;Federbügel;36,71;2025-01-14;7;35;0;0;
3;1;7343;Doppelplatten-Führungssporn;36,71;2025-01-14;7;35;0;0;
3;1;7351;Schraube einarbeiten;20,98;2025-01-14;7;22;0;0;
3;1;7352;Schraube einarbeiten, kompliziert;25,16;2025-01-14;7;32;0;0;
3;1;7353;Spezialschraube zur Einzelzahnbewegung;25,16;2025-01-14;7;26;0;0;
3;1;7354;Spezialschraube zur Sektorenbewegung;25,16;2025-01-14;7;24;0;0;
3;1;7355;Spezialschraube zur asymmetrischen Bewegung;25,16;2025-01-14;7;25;0;0;
3;1;7356;Spezialschraube zur Metallverbindung;25,16;2025-01-14;7;32;0;0;
3;1;7401;Ankerbandklammer, sekundär;15,74;2025-01-14;7;32;0;0;
3;1;7402;Band auf Modell aufpassen;15,74;2025-01-14;7;15;0;0;
3;1;7403;Ankerkappe;15,74;2025-01-14;7;30;0;0;
3;1;7406;Innenbogen;29,95;2025-01-14;7;48;0;0;
3;1;7407;Teilinnenbogen;29,95;2025-01-14;7;28;0;0;
3;1;7410;Aussenbogen;29,95;2025-01-14;7;55;0;0;
3;1;7411;Teilaussenbogen;29,95;2025-01-14;7;38;0;0;
3;1;7413;Lückenhalter;15,74;2025-01-14;7;18;0;0;
3;1;7415;Spike;20,99;2025-01-14;7;7;0;0;
3;1;7416;Häkchen;15,74;2025-01-14;7;10;0;0;
3;1;7417;Stop;20,99;2025-01-14;7;8;0;0;
3;1;7421;Verarbeiten eines Schlosses;15,74;2025-01-14;7;14;0;0;
3;1;7422;Verarbeiten eines Röhrchens;15,74;2025-01-14;7;14;0;0;
3;1;7424;Druckfeder, Zugfeder;15,74;2025-01-14;7;15;0;0;
3;1;7425;Facebow anpassen;15,74;2025-01-14;7;13;0;0;
3;1;7431;Bracket oder Attachment positionieren;8,40;2025-01-14;7;6;0;0;
3;1;7501;Trennen einer Basis und Funktionsfähigmachen einer Schraube;8,40;2025-01-14;7;10;0;0;
3;1;7502;Trennen einer Basis und erschwertes Funktionsfähigmachen einer Schraube;10,16;2025-01-14;7;15;0;0;
3;1;7503;Trennen einer Basis ohne Schraube;8,40;2025-01-14;7;8;0;0;
3;1;7504;Funktionsfähigmachen einer Schraube ohne Trennen der Basis;10,16;2025-01-14;7;8;0;0;
3;1;7511;KFO-Platte, voreinschleifen;16,79;2025-01-14;7;8;0;0;
3;1;7512;FKO-Gerät, voreinschleifen;26,24;2025-01-14;7;20;0;0;
3;1;7601;Schiene, tiefgezogen;96,45;2025-01-14;7;60;0;0;
3;1;7602;Schiene, tiefgezogen, zweiphasig;96,45;2025-01-14;7;90;0;0;
3;1;7603;Knirscherschiene aus Kunststoff;162,51;2025-01-14;7;108;0;0;
3;1;7604;Knirscherschiene aus Weichkunststoff;162,51;2025-01-14;7;108;0;0;
3;1;7605;Retentionsschiene;96,45;2025-01-14;7;65;0;0;
3;1;7606;Medikamententrägerschiene;96,45;2025-01-14;7;65;0;0;
3;1;7611;Schienungskappe aus Kunststoff;78,70;2025-01-14;7;17;0;0;
3;1;7612;Schienungskappe aus Metall, je Zahn;58,88;2025-01-14;7;34;0;0;
3;1;7613;Aufbisskappe aus Kunststoff;78,88;2025-01-14;7;25;0;0;
3;1;7614;Aufbisskappe aus Metall, je Zahn;58,88;2021-01-06;7;48;0;0;
3;1;7621;Adjustierte Aufbissschiene;162,51;2025-01-14;7;140;0;0;
3;1;7622;Aufbissschiene nach Schöttl;162,51;2025-01-14;7;200;0;0;
3;1;7623;Aufbissschiene nach Shore;162,51;2025-01-14;7;75;0;0;
3;1;7624;Aufbissplatte nach Schulz-Bongert;162,51;2025-01-14;7;180;0;0;
3;1;7625;Bissführungsplatte;162,51;2025-01-14;7;108;0;0;
3;1;7701;Obturator aus Kunststoff;0,00;2005-01-01;7;92;0;0;
3;1;7702;Obturator aus Weichkunststoff;0,00;2005-01-01;7;152;0;0;
3;1;7703;Obturator, hohl;0,00;2005-01-01;7;138;0;0;
3;1;7704;Resektionskloss aus Kunststoff;0,00;2005-01-01;7;56;0;0;
3;1;7705;Resektionskloss aus Weichkunststoff;0,00;2005-01-01;7;98;0;0;
3;1;7706;Künstliches Zahnfleisch;0,00;2005-01-01;7;0;0;0;
3;1;7707;Lippenschild;0,00;2005-01-01;7;0;0;0;
3;1;7708;Flexible Zahnfleischepithese, GE;0,00;2005-01-01;7;100;0;0;
3;1;7711;Wundverbandplatte tiefgezogen;96,45;2025-01-14;7;45;0;0;
3;1;7712;Wundverband Autopolymerisat;96,45;2025-01-14;7;60;0;0;
3;1;7801;Sportschutz Weichkunststoff;0,00;2005-01-01;7;180;0;0;
3;1;7802;Kinnschutzkappe;47,04;2025-01-14;7;0;0;0;
3;1;7901;Basisgestaltung farbig;1,42;2025-01-14;7;0;0;0;
3;1;7902;Basisgestaltung mit Glitter;1,42;2025-01-14;7;0;0;0;
3;1;7903;Basisgestaltung mit Motiven;1,42;2025-01-14;7;0;0;0;
3;1;8001;Basisteil unterfüttern;43,19;2025-01-14;7;38;0;0;
3;1;8002;Basis unterfüttern;69,09;2025-01-14;7;66;0;0;
3;1;8003;Basis erneuern;84,54;2025-01-14;7;80;0;0;
3;1;8005;Zuschlag bei Unterfütterung einer Friktionsprothese;21,00;2025-01-14;7;67;0;0;
3;1;8006;Einarbeiten einer Modellgussbasis in vorhandene Prothese;0,00;2025-01-14;7;90;0;0;
3;1;8011;Instandsetzen einer Prothese, Kunststoffbasis oder KFO/FKO-Gerät, GE;23,49;2025-01-14;7;30;0;0;
3;1;8012;Erweitern einer Prothese, Kunststoffbasis oder KFO/FKO-Gerät;23,49;2025-01-14;7;30;0;0;
3;1;8013;Instandsetzen einer Metallbasis, GE;23,49;2025-01-14;7;35;0;0;
3;1;8014;Erweitern einer Metallbasis, GE;23,49;2025-01-14;7;35;0;0;
3;1;8015;Instandsetzen einer Aufbissschiene, GE;23,49;2025-01-14;7;30;0;0;
3;1;8016;Erweitern einer Aufbissschiene, GE;23,49;2025-01-14;7;30;0;0;
3;1;8021;LE Sprung Kunststoff;10,13;2025-01-14;7;6;0;0;
3;1;8022;LE Bruch Kunststoff;10,13;2025-01-14;7;8;0;0;
3;1;8023;LE Wiederbefestigen Zahn;10,13;2025-01-14;7;6;0;0;
3;1;8024;LE Erneuerung Zahn;10,13;2025-01-14;7;10;0;0;
3;1;8025;LE Klammer einarbeiten;10,13;2025-01-14;7;10;0;0;
3;1;8026;LE Regulierungselemente einarbeiten;10,49;2025-01-14;7;12;0;0;
3;1;8027;LE Basisteil Kunststoff;10,13;2025-01-14;7;0;0;0;
3;1;8028;LE Sprung Metall;20,95;2025-01-14;7;18;0;0;
3;1;8029;LE Bruch Metall;27,25;2025-01-14;7;22;0;0;
3;1;8030;LE Kunststoffsattel lösen und wiederbefestigen;10,13;2025-01-14;7;15;0;0;
3;1;8031;LE Herasuslösen eines Konfektionszahnes;10,13;2025-01-14;7;2;0;0;
3;1;8032;LE Okklusionsausgleich an Konfektionszahn;16,75;2025-01-14;7;0;0;0;
3;1;8033;LE Retention/Basisteil einarbeiten;47,20;2025-01-14;7;0;0;0;
3;1;8034;LE Sekundärteil;87,51;2025-01-14;7;0;0;0;
3;1;8035;LE Rückenschutzplatte einarbeiten;10,13;2025-01-14;7;0;0;0;
3;1;8041;LE Herauslösen von Halte- bzw Regulierungselement;10,49;2025-01-14;7;4;0;0;
3;1;8042;Remontieren von KFO-Gerät;52,45;2025-01-14;7;0;0;0;
3;1;8043;Neu adjustieren einer vorhandenen Schiene;67,07;2025-01-14;7;83;0;0;
3;1;8044;Prothese umarbeiten als Aufbissbehelf;67,07;2025-01-14;7;83;0;0;
3;1;8101;Kunststoffbasis aufpassen;54,45;2025-01-14;7;0;0;0;
3;1;8102;Metallbasis aufpassen;54,45;2025-01-14;7;0;0;0;
3;1;8111;Auswechseln von Konfektionsteil, einfach;14,81;2025-01-14;7;0;0;0;
3;1;8112;Auswechseln von Konfektionsteil, kompliziert;14,81;2025-01-14;7;0;0;0;
3;1;8122;Ausarbeiten und Polieren nach direkter Unterfütterung;27,29;2025-01-14;7;44;0;0;
3;1;8123;Prothese säubern und polieren;27,29;2025-01-14;7;18;0;0;
3;1;8124;KFO-Gerät säubern und polieren;27,29;2025-01-14;7;18;0;0;
3;1;8125;Schiene säubern und polieren;27,29;2025-01-14;7;18;0;0;
3;1;8201;Kronen- oder Brückengliedreparatur;43,46;2025-01-14;7;34;0;0;
3;1;8202;LE Trennspalt;16,79;2025-01-14;7;18;0;0;
3;1;8203;LE Verlängerung;16,79;2025-01-14;7;18;0;0;
3;1;8204;LE Bruch/Riss;16,79;2025-01-14;7;10;0;0;
3;1;8205;LE Kontaktpunkt;16,79;2025-01-14;7;10;0;0;
3;1;8206;LE Vorbereitung für Verblendung;16,83;2025-01-14;7;5;0;0;
3;1;8207;LE Brückenteil wiederverwenden;16,79;2025-01-14;7;34;0;0;
3;1;8208;LE Nachbearbeiten Keramikverblendung;16,79;2025-01-14;7;0;0;0;
3;1;8211;LE Instandsetzen individueller Riegel;43,73;2025-01-14;7;0;0;0;
3;1;8212;LE Aktivieren Teleskopkrone oder Steggeschiebe;43,73;2025-01-14;7;0;0;0;
3;1;8221;LE Instandsetzen Kunststoffverblendung;37,75;2025-01-14;7;0;0;0;
3;1;8222;LE Instandsetzen Keramikverblendung;82,58;2025-01-14;7;0;0;0;
3;1;2615;Aufpreis für vollflächige Verblendung;15,75;2025-01-09;7;20;0;0;
1;1;0021;Doublieren;16,97;2025-01-07;7;20;0;0;
1;1;0030;Set-Up je Segment;7,31;2025-01-07;7;7;0;0;
1;1;0111;Modellpaar trimmen;8,37;2025-01-07;7;8;0;0;
1;1;0130;Modellpaar sockeln;8,37;2025-01-07;7;8;0;0;
1;1;0202;Basis für Konstruktionsbiss;14,63;2025-01-07;7;14;0;0;
1;1;4011;Aufbissschiene;114,80;2013-01-29;7;155;0;0;
1;1;4012;Knirscherschiene;114,80;2013-01-29;7;155;0;0;
1;1;4013;Bissführungsplatte;114,80;2013-01-29;7;155;0;0;
1;1;4021;Miniplastschiene;68,14;2025-01-07;7;92;0;0;
1;1;4022;Retentionsschiene;68,14;2013-01-29;7;92;0;0;
1;1;4023;Verband-/Verschlußplatte;68,14;2013-01-29;7;92;0;0;
1;1;4030;Umarbeiten zum Aufbißbehelf;66,86;2025-01-07;7;64;0;0;
1;1;4040;Semipermanente Schiene aus Metall, je Zahn;57,48;2025-01-07;7;0;0;0;
1;1;4060;Semipermanente Schiene Kunststoff, je Zahn;20,73;2013-01-29;7;12;0;0;
3;1;7709;Flexible Zahnfleischepithese, je Zahn;0,00;2005-01-01;7;10;0;0;
1;1;0018;Modell bei Implantatversorgung;8,06;2025-01-07;7;0;0;0;
1;1;0128;Mittelwertartikulator bei Implantatversorgung;11,85;2025-01-02;7;0;0;0;
1;1;0216;Basis für Bissregistierung bei Implantatversorgung;27,56;2025-01-02;7;0;0;0;
1;1;0218;Basis für Aufstellung bei Implantatversorgung;27,56;2025-01-02;7;0;0;0;
1;1;0228;Bisswall bei Implantatversorgung;7,94;2025-01-02;7;0;0;0;
1;1;1026;Vollkrone/Metall bei Implantatversorgung;101,62;2025-01-02;7;0;0;0;
1;1;1028;Krone f. vestibuläre Verblendung bei Implantatversorgung;100,80;2025-01-02;7;0;0;0;
1;1;1628;Vestibuläre Verblendung Keramik bei Implantatversorgung;118,19;2025-01-02;7;0;0;0;
1;1;1638;Zahnfleisch Keramik bei Implantatversorgung;42,24;2025-01-02;7;0;0;0;
1;1;3018;Aufstellung GE bei Implantatversorgung;36,20;2025-01-02;7;0;0;0;
1;1;3028;Aufstellung Wachs oder Kunststoff je Zahn bei Implantatversorgung;2,16;2025-01-02;7;0;0;0;
1;1;3618;Fertigstellung GE bei Implantatversorgung;60,76;2025-01-02;7;0;0;0;
1;1;3628;Fertigstellung je Zahn bei Implantatversorgung;3,90;2025-01-02;7;0;0;0;
1;1;8018;GE Instandsetzung ZE/implantatgestützt;23,40;2025-01-02;7;0;0;0;
1;1;8088;Teilunterfütterung/implantatgestützt;43,06;2025-01-02;7;0;0;0;
1;1;8098;Vollst. Unterfütterung/implantatgestützt;68,86;2025-01-02;7;0;0;0;
1;1;8108;Prothesenbasis erneuern/implantatgestützt;84,27;2025-01-02;7;0;0;0;
1;1;8208;Reparatur Krone/implantatgestützt;43,32;2025-01-02;7;0;0;0;
1;1;9338;Versandkosten bei Implantatversorgung;6,84;2025-01-02;7;0;0;0;
1;1;7010;Basis für Einzelkiefergerät;74,23;2025-01-09;7;71;0;0;
1;1;7020;Basis bimaxilläres Gerät;156,81;2025-01-09;7;150;0;0;
1;1;7030;Schiefe Ebene;54,38;2025-01-09;7;52;0;0;
1;1;7040;Vorhofplatte;62,73;2025-01-09;7;60;0;0;
1;1;7050;Kinnkappe;57,48;2025-01-09;7;55;0;0;
1;1;7100;Aufbiss;14,63;2025-01-09;7;14;0;0;
1;1;7120;Weichkunststoff (KFO);42,85;2025-01-09;7;41;0;0;
1;1;7200;Schraube einarbeiten;20,91;2025-01-09;7;20;0;0;
1;1;7210;Spezial-Schraube einarbeiten;25,08;2025-01-09;7;24;0;0;
1;1;7220;Trennen einer Basis;8,37;2025-01-09;7;8;0;0;
1;1;7300;Labialbogen;27,17;2025-01-09;7;26;0;0;
1;1;7310;Labialbogen modifiziert;36,60;2025-01-09;7;35;0;0;
1;1;7320;Labialbogen intermaxillär;43,87;2025-01-09;7;42;0;0;
1;1;7330;Feder, offen;12,57;2025-01-09;7;12;0;0;
1;1;7340;Feder, geschlossen;15,69;2025-01-09;7;15;0;0;
1;1;7400;Verbindungselement / intramaxillär;30,31;2025-01-09;7;29;0;0;
1;1;7410;Verbindungselemente / intermaxillär;36,60;2025-01-09;7;35;0;0;
1;1;7420;Verankerungselement;30,31;2025-01-09;7;29;0;0;
1;1;7430;Einzelelement einarbeiten;15,69;2024-01-05;7;15;0;0;
1;1;7440;Metallverbindung (KFO);21,95;2025-01-09;7;21;0;0;
1;1;7500;Einarmiges H- / A-Element;13,60;2025-01-09;7;13;0;0;
1;1;7510;Mehrarmiges H- / A-Element;20,91;2025-01-09;7;20;0;0;
1;1;7610;Grundeinheit Instandsetzung KFO oder Aufbissbehelf;14,81;2013-06-30;7;20;0;0;
1;1;7620;LE Remontieren KFO-Gerätehn- / Regulierungselement;7,41;2013-06-30;7;10;0;0;
1;1;7700;Remontieren KFO-Gerät;37,05;2013-06-30;7;50;0;0;
1;1;8110;KFO-Basis erneuern;59,26;2013-01-29;7;80;0;0;
3;1;0017;Implantatmodell;12,96;2025-01-09;7;10;0;0;
3;1;0224;Modellimplantat repositionieren;17,01;2025-01-09;7;0;0;0;
3;1;0120;Implantatstumpf;16,05;2025-01-09;7;0;0;0;
3;1;0227;Zahnfleischmaske je Zahn;14,90;2025-01-09;7;15;0;0;
3;1;2149;Implantat Kronenbasis beschleifen;52,40;2025-01-09;7;0;0;0;
3;1;3702;Individuelle Verschraubung;0,00;2006-05-01;7;25;0;0;
3;1;2148;Mehraufwand Verschraubung;0,00;2006-05-01;7;0;0;0;
3;1;9834;Implantatteile komplett;0,00;2006-05-01;7;0;0;0;
3;1;9902;Titanschraube;0,00;2006-05-01;7;0;0;0;
3;1;9016;Edelmetall-Legierung;0,00;2006-05-01;7;0;0;0;
3;1;1013;Löffel für Implantate;27,65;2025-01-09;7;0;0;0;
3;1;9102;Frontzahn;0,00;2006-05-01;7;0;0;0;
3;1;9103;Seitenzahn;0,00;2006-05-01;7;0;0;0;
3;1;3803;Implantatstegpfosten konfektioniert vorbereiten;0,00;2006-05-01;7;0;0;0;
3;1;3820;Konfektionsteg einarbeiten;0,00;2006-05-01;7;0;0;0;
3;1;9677;Stegpfosten komplett;0,00;2006-05-01;7;0;0;0;
3;1;9008;Steg, Konfektioniert;0,00;2006-05-01;7;0;0;0;
3;1;9009;Steghülse;0,00;2006-05-01;7;0;0;0;
3;1;5110;Klebefügung;16,79;2025-01-14;7;20;0;0;
3;1;3854;Steghülse einarbeiten je Zahn;21,24;2010-07-29;7;20;0;0;
3;1;3999;Versandkosten bei Implantatversorgung;0,00;2006-05-01;7;0;0;0;
3;1;0018;Implantatfräsmodell;12,96;2025-01-09;7;25;0;0;
3;1;0119;Implantatfrässtumpf;18,36;2025-01-09;7;0;0;0;
3;1;3801;Teleskop-Konuskrone auf Implantat;0,00;2006-05-01;7;0;0;0;
3;1;3810;Mehraufwand Verschraubung Teleskop;0,00;2006-05-01;7;0;0;0;
3;1;0206;Teleskop zum Galvanisieren vorbereiten;8,90;2013-01-08;7;0;0;0;
3;1;9011;Galvano-Gold;0,00;2006-05-01;7;0;0;0;
3;1;4920;Hilfsteil-(Teleskop-)Passung;0,00;2006-05-01;7;0;0;0;
3;1;7626;Sportlermundschutz safe-T junior;68,69;2025-01-14;7;100;0;0;
3;1;7627;Sportmundschutz safe-T basic;107,94;2025-01-14;7;100;0;0;
3;1;7628;Sportmundschutz safe-T strong;137,38;2025-01-14;7;100;0;0;
3;1;7629;Sportmundschutz safe-T professional;122,66;2025-01-14;7;100;0;0;
3;1;7630;Sportmundschutz safe-T superstrong;140,19;2023-01-10;7;100;0;0;
3;1;8900;Grundreinigung Prothese;27,29;2025-01-14;7;5;0;0;
3;1;2004;Stiftaufbau gefräst;31,50;2025-01-09;7;5;0;0;
3;1;7631;Sportmundschutz safe-t standard;73,59;2025-01-14;7;5;0;0;
3;1;9001;Röntgenschablone;262,50;2025-01-14;7;5;0;0;
3;1;9002;Bohrschablone analog;262,50;2025-01-14;7;5;0;0;
3;1;9100;Arbeiten, pauschal  1 Monat, bis zu 20 Arbeiten;0,00;2011-05-18;7;5;0;0;
3;1;9200;Arbeitsplatzmiete je Stunde;0,00;2011-07-14;7;5;0;0;
3;1;9300;Presskeramik pressen je Muffel;0,00;2011-07-14;7;5;0;0;
3;1;9301;Zirkonkeramik fräsen lassen;0,00;2011-07-14;7;5;0;0;
3;1;9302;Materialverkauf;0,00;2011-09-21;7;5;0;0;
1;1;1347;Primär-/Sek.-Teil Konfektionsanker;87,23;2025-01-02;7;92;0;0;
3;1;0102;Gipsstumpfkomplett vorbereitet;10,49;2025-01-09;7;5;0;0;
3;1;0254;Quicksplit;13,69;2025-01-09;7;5;0;0;
3;1;1009;Adapter für Gesichtsbogen einarbeiten;0,00;2025-01-09;7;5;0;0;
3;1;3000A;Teleskop primär- und Sekundärteil bei Verblendkrone;317,65;2025-01-09;7;5;0;0;
3;1;7607;Bleachingschiene;96,45;2021-01-05;7;5;0;0;
3;1;9999;Retainer Titan, gefräst, zuzügl. Modell;73,40;2025-01-14;7;5;0;0;
3;1;0407;Aufpreis für Modellmontage mit Gesichtsbogen;33,50;2025-01-09;7;10;0;0;
3;1;9998;Modelle, KfO gedruckt;20,90;2025-01-14;7;5;0;0;
3;1;3325;Einarbeiten Sekundärteil bei Implantat;12,90;2012-11-07;7;5;0;0;
3;1;0700;Versand Post;10,52;2025-01-09;7;5;0;0;
3;1;2283;Zirkonkrone, gefräst;157,40;2025-01-09;7;5;0;0;
3;1;2356;Brückenglied gefräst, Zirkon;157,40;2025-01-09;7;5;0;0;
3;1;0305;Modell ausblocken, je Zahn;6,20;2025-01-09;7;5;0;0;
3;1;3500;Konfektionsgeschiebe komplett;131,51;2025-01-13;7;5;0;0;
3;1;3700;Wiederbefestigen eines Sewkundärteiles in Kunststoff;62,54;2013-09-23;7;5;0;0;
1;1;3810;Sonstige gebogene Halte- und/oder Stützvorrichtung;20,25;2025-01-02;7;0;0;0;
1;1;3800;Einfache gebogene Halte-/Stützvorrichtung;11,99;2025-01-02;7;0;0;0;
1;1;4010;Aufbissbehelf mit adjustierter Oberfläche;162,01;2025-01-07;7;0;0;0;
1;1;4020;Aufbissbehelf ohne adjustierte Oberfläche;96,16;2025-01-07;7;0;0;0;
1;1;7122;Sonderkunststoff (KfO);42,85;2025-01-09;7;0;0;0;
1;1;8610;Grundeinheit Instandsetzung KfO oder Aufbissbehelf;20,91;2025-01-09;7;0;0;0;
1;1;8620;LE Einfügen Regulierungs- oder Halteelement;10,47;2025-01-09;7;0;0;0;
1;1;8630;LE Erneuerung eines Elementes/Intermaxillär;18,29;2025-01-09;7;0;0;0;
1;1;8640;KFO Basis erneuern;83,61;2025-01-09;7;0;0;0;
1;1;8700;Remontieren eines Gerätes ohne Kunststoffbasis;52,29;2025-01-09;7;0;0;0;
3;1;7632;Sportlermundschutz safe-T Double UK-Teil;39,25;2025-01-14;7;5;0;0;
3;1;9990;Arbeit im Praxislabor;3.500,00;2025-01-14;7;5;0;0;
3;1;4409;Klammer aus Kunststoff, Halteelement auch als Klemmelement interdental;25,00;2017-02-28;7;5;0;0;
3;1;7610;Bleachingschiene;58,88;2025-01-14;7;5;0;0;
3;1;7609;Bleachingschiene;39,77;2025-01-14;7;5;0;0;
1;1;0054;Set-Up Modell für KfO;12,57;2025-01-07;7;0;0;0;
4;1;0050;Orthocryl Kunststoff, Dentaurum;0,00;2021-01-04;7;0;0;0;
4;1;0041;Klammerdraht, Dentaurum;0,00;2021-01-04;7;0;0;0;
4;1;0028;Erkodur 0,8 mm, Erkodent;0,00;2021-01-04;7;0;0;0;
4;1;0029;Erkodur 1,0 mm, Erkodent;0,00;2021-01-04;7;0;0;0;
4;1;0030;Erkodur 1,5 mm, Erkodent;0,00;2021-01-04;7;0;0;0;
4;1;0031;Erkodur 2,0 mm, Erkodent;0,00;2021-01-04;7;0;0;0;
4;1;0033;Erkosoft 1,0 mm, Erkodent;0,00;2021-01-04;7;0;0;0;
4;1;0034;Erkosoft 1,5 mm, Erkodent;0,00;2021-01-04;7;0;0;0;
4;1;0035;Erkosoft 2,0 mm, Erkodent;0,00;2021-01-04;7;0;0;0;
4;1;0036;Erkosoft 3,0 mm, Erkodent;0,00;2021-01-04;7;0;0;0;
4;1;0037;Erkosoft 4,0 mm, Erkodent;0,00;2021-01-04;7;0;0;0;
4;1;0042;Model 2.0, NextDent;0,00;2021-01-04;7;0;0;0;
4;1;0049;Ortho IBT, NextDent;0,00;2021-01-04;7;0;0;0;
4;1;0038;Katana HTML, Noritake;0,00;2021-01-04;7;0;0;0;
4;1;0039;Katana STML, Noritake;0,00;2021-01-04;7;0;0;0;
4;1;0024;Duceram Kiss, Dentsply Sirona;0,00;2021-01-04;7;0;0;0;
4;1;0021;Cercon Kiss,  Dentsply Sirona;0,00;2021-01-04;7;0;0;0;
4;1;0023;Duceram Gold Kiss,  Dentsply Sirona;0,00;2021-01-04;7;0;0;0;
5;1;0000;Degulor M, Degudent;71,40;2022-04-06;7;0;0;0;
5;1;0000;Degudent U, Degudent;78,40;2021-01-04;7;0;0;0;
4;1;0019;Astron Clearsplint, Kentzler-Kaschner Dental;0,00;2021-01-04;7;0;0;0;
4;1;0043;Mondial 6  Frontzahn, Kulzer;23,50;2024-05-03;7;0;0;0;
4;1;0044;Mondial 8 Seitenzahn, Kulzer;15,95;2024-05-03;7;0;0;0;
4;1;0052;PalaXPress, Kulzer;0,00;2021-01-04;7;0;0;0;
4;1;0057;StarLoy soft, Dentsply Sirona;0,00;2021-01-04;7;0;0;0;
4;1;0009;Wironit, Bego;0,00;2021-01-04;7;0;0;0;
4;1;0048;Organic Titan-Niob, Organical;0,00;2021-01-04;7;0;0;0;
4;1;0047;Organic PEEK by JUVORA, Organical;0,00;2021-01-04;7;0;0;0;
4;1;0046;Organic CoCr, Organical;0,00;2021-01-04;7;0;0;0;
4;1;0053;Prothesenkunststoff, Sirona;0,00;2021-01-04;7;0;0;0;
4;1;0055;Signum composite, Kulzer;0,00;2021-01-04;7;0;0;0;
4;1;0022;Dehnschraube, Dentalline;0,00;2021-01-04;7;0;0;0;
4;1;0020;Bertoni-Schraube, Dentalline;30,00;2021-01-04;7;0;0;0;
4;1;0026;DVP-Schraube, Dentalline;30,00;2021-01-04;7;0;0;0;
4;1;0025;DVP, Schiefe Ebene, Dentalline;30,00;2021-01-04;7;0;0;0;
4;1;0032;Erkodur S 0,8 mm, Erkodent;0,00;2021-01-04;7;0;0;0;
4;1;0027;Erkodur 0,6 mm, Erkodent;0,00;2021-01-04;7;0;0;0;
3;1;0032;KfO-Modell Gedruckt mit DT;20,90;2025-01-09;7;0;0;0;
3;1;9991;Platte;69,30;2025-01-14;7;0;0;0;
3;1;9993;Miniplastschiene;26,25;2025-01-14;7;0;0;0;
3;1;9996;Reparatur/Sonstiges;21,00;2025-01-14;7;0;0;0;
3;1;9992;Spezialschraube DVP/Bertoni;31,50;2025-01-14;7;0;0;0;
3;1;9994;Bertoni-Schraube einarbeiten;31,50;2025-01-14;7;0;0;0;
3;1;9995;Retainer, Draht;21,00;2025-01-14;7;0;0;0;
3;1;9989;Modelle, Gips;8,50;2025-01-14;7;0;0;0;
3;1;7633;Sportlermundschutz, Vampirzähne einarbeiten;9,81;2025-01-14;7;0;0;0;
3;1;7650;Alignerplanung OK;157,40;2025-01-14;7;0;0;0;
3;1;7651;Alignerplanung UK;157,40;2025-01-14;7;0;0;0;
3;1;7652;Alignerschiene 0,6 mm;52,40;2021-01-07;7;0;0;0;
3;1;7653;Alignerschiene 0,8 mm;52,40;2025-01-14;7;0;0;0;
3;1;7654;Alignerschiene 1,0 mm;52,40;2025-01-14;7;0;0;0;
3;1;7655;Retainerschiene 1,0 mm;52,40;2025-01-14;7;0;0;0;
3;1;7656;Retainerschiene 1,5 mm;62,90;2025-01-14;7;0;0;0;
3;1;7657;Datensatz Modelle nach Alignerplanung;104,90;2025-01-14;7;0;0;0;
3;1;7658;Alignerbehandlung Leicht, Einzelkiefer;787,50;2025-01-14;7;0;0;0;
3;1;7659;Alignerbehandlung Leicht, OK & UK;1.470,00;2025-01-14;7;0;0;0;
3;1;7660;Alignerbehandlung Mittel, Einzelkiefer;1.260,00;2025-01-14;7;0;0;0;
3;1;7661;Alignerbehandlung Mittel, OK & UK;2.415,00;2025-01-14;7;0;0;0;
3;1;7662;Alignerbehandlung Komplex, Einzelkiefer;1.890,00;2025-01-14;7;0;0;0;
3;1;7663;Alignerbehandlung Komplex, OK & UK;3.675,00;2025-01-14;7;0;0;0;
3;1;7664;Attachmentschiene;52,50;2025-01-14;7;0;0;0;
3;1;7803;Schnarchschutzschiene, Bimaxillär;96,60;2025-01-14;7;0;0;0;
3;1;7804;Anbringen eines Verbinders;33,60;2025-01-14;7;0;0;0;
3;1;6550;Prothesenkopie, digital erstellt und gedruckt;278,25;2025-01-14;7;0;0;0;
3;1;9310;Zirkonkeramik Gerüst sintern, je Zahn;10,50;2025-01-14;7;0;0;0;
4;1;0040;KeySplint soft, Keyprint;0,00;2021-03-23;7;0;0;0;
3;1;0031;Modell gedruckt mit DT;20,90;2025-01-09;7;0;0;0;
3;1;0033;Stumpfmodell gedruckt mit DT;25,10;2025-01-09;7;0;0;0;
3;1;0034;Sägemodell gedruckt mit DT;26,25;2025-01-09;7;0;0;0;
3;1;0035;Einzelstumpf gedruckt mit DT;3,05;2025-01-09;7;0;0;0;
3;1;2282;Zirkongerüst, verblendbar;157,40;2025-01-09;7;0;0;0;
3;1;9988;Miniplastschiene gedruckt;84,00;2025-01-14;7;0;0;0;
4;1;0056;Stahl-Gold-Lot 750, Heraeus;40,15;2021-10-01;7;0;0;0;
4;1;0060;Straumann,RC Manipulierimplantat, L12mm, Ti;33,00;2021-12-12;7;0;0;0;
4;1;0059;Straumann, RC Anatom. Sekundärteil, gerade, GH 2mm, Ti;139,00;2021-12-12;7;0;0;0;
4;1;0058;Straumann, RC Abformpfosten;39,00;2021-12-12;7;0;0;0;
4;1;0051;OrthoFlex, NextDent;0,00;2022-01-20;7;0;0;0;
1;1;5010;Basen UKPS;309,92;2025-01-07;7;0;0;0;
1;1;5020;Vestibuläre Protrusionsgleitflächen UKPS;22,99;2025-01-07;7;0;0;0;
1;1;5100;Befestigungselement Protrusionselement UKPS;20,91;2025-01-07;7;0;0;0;
1;1;5110;Protrusionselement UKPS;20,91;2025-01-07;7;0;0;0;
1;1;5200;Befestigungselement Mundöffnungsbegrenzung UKPS;12,01;2025-01-09;7;0;0;0;
1;1;5210;Einfaches gebogenes Halteelement für UKPS;12,01;2025-01-09;7;0;0;0;
1;1;0015;Modell UKPS;8,06;2025-01-02;7;0;0;0;
1;1;0025;Doublieren eines Modells UKPS;16,97;2025-01-07;7;0;0;0;
1;1;0115;Fixator UKPS;10,50;2025-01-07;7;0;0;0;
1;1;0125;Mittelwertartikulator UKPS;11,85;2025-01-07;7;0;0;0;
1;1;0217;Individueller Löffel UKPS;27,56;2025-01-07;7;0;0;0;
1;1;0205;Vorbereiten Bissgabel UKPS;14,63;2025-01-07;7;0;0;0;
1;1;9335;Versandkosten UKPS;6,84;2025-01-02;7;0;0;0;
1;1;8500;Grundeinheit Instandsetzung /Erweiterung UKPS;60,88;2025-01-09;7;0;0;0;
1;1;8511;LE Erneuerung Basen UKPS;154,97;2025-01-09;7;0;0;0;
1;1;8512;LE Sprung/Bruch UKPS;10,10;2025-01-09;7;0;0;0;
1;1;8513;LE Basisteil Kunststoff UKPS;10,10;2025-01-09;7;0;0;0;
1;1;8514;LE Halte- und/oder Stützvorrichtung einarbeiten UKPS;10,10;2025-01-09;7;0;0;0;
1;1;8085;Teilunterfütterung Basis UKPS;43,06;2025-01-02;7;0;0;0;
3;1;9101;Bruchreparatur pauschal;73,59;2025-01-14;7;0;0;0;
4;1;0045;NC Manipulierimplantat, L12mm, TI, Straumann;38,30;2022-04-06;7;0;0;0;
4;1;0054;Scan&Shape NC Straumann CARES Sekundärteil-Set ZrO2;0,00;2022-04-06;7;0;0;0;
4;1;0061;Camlog K2226.3810 Abutment;86,00;2022-05-19;7;0;0;0;
4;1;0062;Camlog K2610.3810;37,00;2022-05-19;7;0;0;0;
3;1;9987;Vorbereiten KfO-Modelle zum Druck;15,75;2025-01-14;7;0;0;0;
4;1;0063;HI-TEC Implants S-PRN, Lot 00478;49,00;2022-05-19;7;0;0;0;
4;1;0001;DESS Laboranalog zu Camlog 3.3;22,00;2022-07-05;7;0;0;0;
4;1;0002;DESS Laboranalog zu Camlog 3.8;23,00;2022-07-05;7;0;0;0;
4;1;0003;DESS Laboranalog zu Friadent Xive;22,00;2022-07-05;7;0;0;0;
4;1;0004;Dess Titanbasis mit Rotationsschutzzu Friadent Xive;44,00;2022-07-05;7;0;0;0;
4;1;0005;DESS Titanbasis m. Rotationsschutz zu Camlog 3.3;44,00;2022-07-05;7;0;0;0;
4;1;0006;DESS Titanbasis m. Rotationsschutz zu Camolg 3.8;44,00;2022-07-05;7;0;0;0;
4;1;0018;NextDent C&B MFH;4,99;2022-07-07;7;0;0;0;
3;1;9701;Druck Provisorium je Teil;16,50;2025-01-14;7;0;0;0;
4;1;0010;Straumann, RN Abformpfosten;39,00;2021-12-12;7;0;0;0;
4;1;0011;Straumann, RN Anatom. Sekundärteil, gerade, GH 2mm, Ti;139,00;2021-12-12;7;0;0;0;
4;1;0012;Straumann,RN Manipulierimplantat, L12mm, Ti;33,00;2021-12-12;7;0;0;0;
4;1;0013;Straumann, RC Provisoriumssekundärteil;73,50;2022-09-15;7;0;0;0;
4;1;0017;IST-Gerät Kit;158,27;2022-07-05;7;0;0;0;
3;1;9986;Miete für Intraoralscanner;82,95;2025-01-14;7;0;0;0;
4;1;0064;Wiptam-Draht;0,00;2023-01-30;7;0;0;0;
4;1;0007;DESS, Active Hex (Nobel Biocare) Laboranalog;18,25;2023-01-26;7;0;0;0;
4;1;0008;DESS, Active Hex (Nobel Biocare) Abgewinkeltes Abutment 15°;50,25;2023-01-26;7;0;0;0;
3;1;0036;Bissnahme digital;0,00;2025-01-09;7;0;0;0;
3;1;0420;Artikulation digital;0,00;2025-01-09;7;0;0;0;
3;1;0825;Segment digitalisieren je Segment;0,00;2025-01-09;7;0;0;0;
3;1;0827;Präparationsgrenze digitalisieren je Segment;0,00;2025-01-09;7;0;0;0;
3;1;0840;Scannen, CAD-Konstruktion Krone/Brückenglied;0,00;2025-01-09;7;0;0;0;
3;1;0842;CAM-Element nacharbeiten;0,00;2025-01-09;7;0;0;0;
3;1;2790;Anlage Auftragsdaten CAD/CAM;0,00;2025-01-09;7;0;0;0;
3;1;2156;Teilkrone, Vollzirkon, gefräst;157,40;2025-01-09;7;0;0;0;Pauschalpreis für flexible Zahntechnik bei gelieferter STL-Datei
3;1;2157;Teilkrone, Vollzirkon, gefräst;157,40;2025-01-09;7;0;0;0;Pauschalpreis bei gelieferter STL-Datei
3;1;2005;Stiftaufbau, gefräst;31,50;2025-01-09;7;0;0;0;bei gel. STL-Datei
4;1;0014;Straumann, RB Manipulierimplantat 065.0021, LOTNr TRW18;42,84;2024-04-24;7;0;0;0;
4;1;0015;Straumann, RB/WB Variobase® für Krone, inkl. Schraube, TAN, LOTNr VGE09;96,39;2024-04-24;7;0;0;0;
4;1;0016;Straumann, CARES® RB/WB Mono-Scankörper, Ø 3.8mm, H101,mm PEEK, LOTNr VRW78;6,00;2023-06-05;7;0;0;0;
3;1;0421;KfO-Modell Quadrant, Design geliefert;15,65;2025-01-09;7;0;0;0;
3;1;0422;KfO-Modell Quadrant, Design BurgarDental;19,85;2025-01-09;7;0;0;0;
3;1;0423;KfO-Modell Zahnkranz, Design geliefert;17,70;2025-01-09;7;0;0;0;
3;1;0424;KfO-Modell Zahnkranz, Design BurgarDental;20,90;2025-01-09;7;0;0;0;
3;1;0425;KfO-Modell ganzer Kiefer, Design geliefert;16,70;2025-01-09;7;0;0;0;
3;1;0426;KfO-Modell ganzer Kiefer, Design BurgarDental;20,90;2025-01-09;7;0;0;0;
3;1;0427;KfO-Modell Retainer, Design geliefert;13,55;2025-01-09;7;0;0;0;
3;1;0428;KfO-Modell Retainer, Design BurgarDental;16,70;2025-01-09;7;0;0;0;
3;1;0429;Stumpfmodell Quadrant, Design geliefert;16,70;2025-01-09;7;0;0;0;
3;1;0430;Stumpfmodell Quadrant, Design BurgarDental;19,85;2025-01-09;7;0;0;0;
3;1;0431;Stumpfmodell Zahnkranz, Design geliefert;19,85;2025-01-09;7;0;0;0;
3;1;0432;Stumpfmodell Zahnkranz, Design BurgarDental;25,10;2025-01-09;7;0;0;0;
3;1;0433;Stumpf für Modell, Design geliefert;1,99;2025-01-09;7;0;0;0;
3;1;0434;Stumpf für Modell, Design BurgarDental;3,05;2025-01-09;7;0;0;0;
3;1;0435;Implantatmodell Quadrant, ohne Zahnfleischmaske und Laboranalog, Design geliefert;17,75;2025-01-09;7;0;0;0;
3;1;0436;Implantatmodell Quadrant, ohne Zahnfleischmaske und Laboranalog, Design BurgarDental;21,95;2025-01-09;7;0;0;0;
3;1;0437;Implantatmodell Zahnkranz, ohne Zahnfleischmaske und Laboranalog, Design geliefert;26,15;2025-01-09;7;0;0;0;
3;1;0438;Implantatmodell Zahnkranz, ohne Zahnfleischmaske und Laboranalog, Design BurgarDental;30,35;2025-01-09;7;0;0;0;
3;1;0439;Zahnfleischmaske für Implantatmodell je Implantat, Design geliefert;3,57;2025-01-09;7;0;0;0;
3;1;0440;Zahnfleischmaske für Implantatmodell je Implantat, Design BurgarDental;4,10;2025-01-09;7;0;0;0;
3;1;4061;Aufbissschiene (hart, klar, gedruckt), Design geliefert;44,01;2025-01-13;7;0;0;0;
3;1;4062;Aufbissschiene (hart, klar, gedruckt), Design BurgarDental;157,40;2025-01-13;7;0;0;0;
3;1;4062;Aufbissschiene (hart, hellblau, gedruckt), Design geliefert;44,01;2025-01-13;7;0;0;0;
3;1;4063;Aufbissschiene (hart, hellblau, gedruckt), Design BurgarDental;157,40;2025-01-13;7;0;0;0;
3;1;4064;Aufbissschiene (thermoplastisch, gedruckt), Design geliefert;52,40;2025-01-13;7;0;0;0;
3;1;4065;Aufbissschiene (thermoplastisch, gedruckt), Design BurgarDental;167,90;2025-01-13;7;0;0;0;
3;1;4066;Aufbissschiene (hart, klar, gefräst), Design geliefert;62,90;2025-01-13;7;0;0;0;
3;1;4067;Aufbissschiene (hart, klar, gefräst), Design BurgarDental;157,40;2025-01-13;7;0;0;0;
3;1;4068;Aufbissschiene (hart, bunt, gedruckt), Design geliefert;62,90;2025-01-13;7;0;0;0;
3;1;4069;Aufbissschiene (hart, bunt, gedruckt), Design BurgarDental;157,40;2025-01-13;7;0;0;0;
3;1;4070;Aufbissschiene (thermoplastisch, gefräst), Design geliefert;104,90;2025-01-13;7;0;0;0;
3;1;4071;Aufbissschiene (thermoplastisch, gefräst), Design BurgarDental;209,90;2025-01-13;7;0;0;0;
3;1;6022;Reiseprothese (Prothesenkopie der aktuellen Totalprothese), gedruckt, Design geliefert;167,99;2025-01-14;7;0;0;0;
3;1;6023;Reiseprothese (Prothesenkopie der aktuellen Totalprothese), gedruckt, Design BurgarDental;209,90;2025-01-14;7;0;0;0;
3;1;6024;Reiseprothese (Prothesenkopie der aktuellen Totalprothese), gefräst, Design geliefert;178,40;2025-01-14;7;0;0;0;
3;1;6025;Reiseprothese (Prothesenkopie der aktuellen Totalprothese), gefräst, Design BurgarDental;230,90;2025-01-14;7;0;0;0;
3;1;6026;Anprobenprothese (keine Kopie), gedruckt aus unifarbenem hellen Material, Design geliefert;73,40;2025-01-14;7;0;0;0;
3;1;6027;Anprobenprothese (keine Kopie), gedruckt aus unifarbenem hellen Material, Design BurgarDental;94,40;2025-01-14;7;0;0;0;
3;1;6028;Totalprothese, Korpus gedruckt, Zähne gedruckt, Design geliefert;178,90;2025-01-14;7;0;0;0;
3;1;6029;Totalprothese, Korpus gedruckt, Zähne gedruckt, Design BurgarDental;262,40;2025-01-14;7;0;0;0;
3;1;6030;Totalprothese, Korpus gedruckt, Zahnfächer für konfektionierte Zähne frei (z.B. Kulzer Mondial), Design geliefert;125,90;2025-01-14;7;0;0;0;
3;1;6031;Totalprothese, Korpus gedruckt, mit konfektionierten Zähnen  (Kulzer Mondial), Design BurgarDental;367,40;2025-01-14;7;0;0;0;
3;1;6032;Totalprothese, Korpus gefräst, Zahnfächer für konfektionierte Zähne frei (z.B. Kulzer Mondial), Design geliefert;125,90;2025-01-14;7;0;0;0;
3;1;6033;Totalprothese, Korpus gefräst, mit konfektionierten Zähnen (Kulzer Mondial), Design BurgarDental;388,40;2025-01-14;7;0;0;0;
3;1;6034;Totalprothese, Vita Vionic, Corpus gefräst, mit Vita Vionic-Zähnen und Befestigungsmaterial, Design BurgarDental;272,90;2025-01-14;7;0;0;0;
3;1;6035;Totalprothese Vita Vionic Dent Disc Multicolor, Vita Vionic Base, incl. Befestigungsmaterial, Design BurgarDental;262,40;2025-01-14;7;0;0;0;
3;1;9003;Bohrschablone digital, ohne Einbringhilfen, Design geliefert;61,85;2025-01-14;7;5;0;0;
3;1;9004;Bohrschablone digital, 1-2 Implantate, ohne Einbringhilfen, Design BurgarDental;104,90;2023-06-14;7;5;0;0;
3;1;2700;Krone/Brückenglied/Inlay/Teilkrone gefräst, Zr Multilayer Katana HTML, Design geliefert;49,25;2025-01-09;7;0;0;0;
3;1;2701;Krone/Brückenglied/Inlay/Teilkrone gefräst, Zr Multilayer Katana HTML, Design BurgarDental;157,40;2025-01-09;7;0;0;0;
3;1;2702;Krone/Brückenglied/Inlay/Teilkrone gefräst, Zr Multilayer Katana STML, Design geliefert;49,25;2025-01-09;7;0;0;0;
3;1;2703;Krone/Brückenglied/Inlay/Teilkrone gefräst, Zr Multilayer Katana STML, Design BurgarDental;157,40;2025-01-09;7;0;0;0;
3;1;2704;Krone/Brückenglied/Inlay/Teilkrone gefräst, Zr Multilayer Katana YML, Design geliefert;49,25;2025-01-09;7;0;0;0;
3;1;2705;Krone/Brückenglied/Inlay/Teilkrone gefräst, Zr Multilayer Katana YML, Design BurgarDental;157,40;2025-01-09;7;0;0;0;
3;1;2706;Marylandbrücke gefräst, Zr Multilayer Katana YML, Design geliefert;94,40;2025-01-09;7;0;0;0;
3;1;2707;Marylandbrücke gefräst, Zr Multilayer Katana YML, Design BurgarDental;199,40;2025-01-09;7;0;0;0;
3;1;2008;Krone/Brückenglied/Inlay/Teilkrone gefräst, Zr Vita-Farbe,  Design geliefert;58,70;2025-01-09;7;0;0;0;
3;1;2009;Krone/Brückenglied/Inlay/Teilkrone gefräst, Zr Vita-Farbe, Design BurgarDental;178,40;2025-01-09;7;0;0;0;
3;1;2010;Ivoclar e.max, Design geliefert;94,40;2025-01-09;7;0;0;0;
3;1;2011;Ivoclar e.max, Design BurgarDental;191,10;2025-01-09;7;0;0;0;
3;1;2712;Krone/Brückenglied/Inlay/Teilkrone gefräst, Dentsply-Sirona PMMA Mono, Design geliefert;10,35;2025-01-09;7;0;0;0;
3;1;2713;Krone/Brückenglied/Inlay/Teilkrone gefräst, Dentsply-Sirona PMMA Mono, Design BurgarDental;26,15;2025-01-09;7;0;0;0;
3;1;2714;Krone/Brückenglied/Inlay/Teilkrone gefräst, Dentsply-Sirona PMMA Multilayer, Design geliefert;16,17;2025-01-09;7;0;0;0;
3;1;2715;Krone/Brückenglied/Inlay/Teilkrone gefräst, Dentsply-Sirona PMMA Multilayer, Design BurgarDental;31,40;2025-01-09;7;0;0;0;
3;1;2716;Krone/Brückenglied/Inlay/Teilkrone gefräst, Vita CAD-Temp PMMA Multilayer, Design geliefert;31,40;2025-01-09;7;0;0;0;
3;1;2717;Krone/Brückenglied/Inlay/Teilkrone gefräst, Vita CAD-Temp PMMA Multilayer, Design BurgarDental;41,90;2025-01-09;7;0;0;0;
3;1;2718;Krone/Brückenglied und Teleskope gefräst, Whitepeaks Copra-PEEK, Design geliefert;38,75;2025-01-09;7;0;0;0;
3;1;2719;Krone/Brückenglied gefräst, Whitepeaks Copra-PEEK, Design BurgarDental;49,25;2025-01-09;7;0;0;0;
3;1;2720;Teleskope Primärteil gefräst, CoCr, Design geliefert;35,60;2025-01-09;7;0;0;0;
3;1;2721;Teleskope Primärteil gefräst, CoCr, Design BurgarDental;104,90;2025-01-09;7;0;0;0;
3;1;2722;Teleskope Primärteil gefräst, Zr Katana HTML, Design geliefert;45,05;2025-01-09;7;0;0;0;
3;1;2723;Teleskope Primärteil gefräst, ZR Katana HTML, Design BurgarDental;157,40;2025-01-09;7;0;0;0;
3;1;2724;Teleskope Primärteil gefräst, Ti, Design geliefert;33,90;2023-06-15;7;0;0;0;
3;1;2725;Teleskope Primärteil gefräst,Ti, Design BurgarDental;99,90;2023-06-15;7;0;0;0;
3;1;2726;Teleskope Sekundärteil gefräst, CoCr, Design geliefert;56,60;2025-01-09;7;0;0;0;
3;1;2727;Teleskope Sekundärteil gefräst, TI, Design geliefert;53,90;2023-06-15;7;0;0;0;
3;1;2728;Teleskope Sekundärteil gefräst,PEEK, Design geliefert;48,20;2023-06-15;7;0;0;0;
3;1;2729;Teleskope Sekundärteil gefräst,PEEK, Design BurgarDental;62,90;2025-01-09;7;0;0;0;
3;1;2730;Klammermodellguss, gefräst, ausbrennbares PMMA Casting 3D, Design geliefert;104,90;2025-01-09;7;0;0;0;
3;1;2731;Klammermodellguss PEEK, kompl. Gerüst, Design geliefert;318,15;2025-01-09;7;0;0;0;
3;1;2732;Klammermodellguss PEEK, kompl. Gerüst, Design BurgarDental;353,00;2023-06-15;7;0;0;0;
3;1;2733;Klammermodellguss PEEK, einzelne Klammer, Design geliefert;61,95;2025-01-09;7;0;0;0;
3;1;2734;Klammermodellguss PEEK, Einzelne Klammer, Design BurgarDental;69,95;2025-01-09;7;0;0;0;
3;1;2735;Tertiärstruktur PEEK, bis 6 EH, kompl. Gerüst, Design geliefert;377,90;2025-01-09;7;0;0;0;
3;1;2736;Tertiärstruktur PEEK,  bis 6 EH, kompl. Gerüst, Design BurgarDental;419,90;2025-01-09;7;0;0;0;
3;1;2737;Tertiärstruktur PEEK, ab 7 EH, kompl. Gerüst, Design geliefert;430,40;2025-01-09;7;0;0;0;
3;1;2738;Tertiärstruktur PEEK,  ab 7 EH, kompl. Gerüst, Design BurgarDental;472,40;2025-01-09;7;0;0;0;
3;1;2739;PEEK Teleskopgerüst (Sekundärteile und MG 1 Teil), Design geliefert;524,90;2025-01-09;7;0;0;0;
3;1;2740;PEEK Teleskopgerüst (Sekundärteile und MG 1 Teil), Design BurgarDental;629,90;2025-01-09;7;0;0;0;
3;1;9985;Miete Intraoralscanner, 1/2 Arbeitstag;41,90;2025-01-14;7;0;0;0;
3;1;9984;Miete Intraoralscanner, 1 Arbeitstag;73,40;2025-01-14;7;0;0;0;
3;1;9983;Miete Intraoralscanner, 2 Arbeitstage;125,90;2025-01-14;7;0;0;0;
3;1;9982;Miete Intraoralscanner, 3 Arbeitstage;167,90;2025-01-14;7;0;0;0;
3;1;9981;Miete Intraoralscanner, 4 Arbeitstage;209,90;2025-01-14;7;0;0;0;
3;1;9980;Miete Intraoralscanner, Dauermiete je Monat, 3 Tage/Woche;262,40;2025-01-14;7;0;0;0;
3;1;0699;Versand Kurier Stadtgebiet München;7,20;2025-01-09;7;0;0;0;
3;1;0698;Versand UPS, Deutschland, 1-3 Tage, bis 18:00;10,52;2025-01-09;7;0;0;0;
3;1;0697;Versand UPS, Deutschland, 1-2 Tage, bis 18:00;16,79;2025-01-09;7;0;0;0;
3;1;0696;Versand UPS, Deutschland, 1-3 Tage, bis 12:00;23,09;2025-01-09;7;0;0;0;
3;1;0442;Digitale Datenverarbeitung je Intraoralscan/Kiefer;10,50;2025-01-09;7;0;0;0;
3;1;9979;Retainer CoCr, gefräst, zuzügl. Modell, Design geliefert;73,40;2025-01-14;7;5;0;0;
3;1;9978;Retainer CoCr, gefräst, zuzügl. Modell, Design BurgarDental;104,90;2025-01-14;7;5;0;0;
3;1;9977;Retainer Ti, gefräst, zuzügl. Modell, Design BurgarDental;104,90;2025-01-14;7;5;0;0;
3;1;7499;BES-Platte, Einzelkiefergerät, Design geliefert;104,90;2025-01-14;7;0;0;0;
3;1;7498;BES-Platte, Einzelkiefergerät, Design BurgarDental;167,90;2025-01-14;7;0;0;0;
3;1;7497;BES-Platte, DVP-Einzelkiefergerät, Design geliefert;115,40;2025-01-14;7;0;0;0;
3;1;7496;BES-Platte, DVP-Einzelkiefergerät, Design BurgarDental;178,40;2025-01-14;7;0;0;0;
3;1;7495;BES-Platte, Bimaxilläres Gerät, Design geliefert;167,90;2025-01-14;7;0;0;0;
3;1;7494;BES-Platte, Bimaxilläres Gerät, Design BurgarDental;314,90;2025-01-14;7;0;0;0;
4;1;0065;Katana UTML, Noritake;0,00;2023-06-21;7;0;0;0;
4;1;0066;Katana YML, Noritake;0,00;2023-06-21;7;0;0;0;
3;1;9976;Div. Arbeiten für Labor;0,00;2023-06-27;7;0;0;0;
4;1;0067;MeoPlant Modellanalog standard, A-006-380600;20,00;2023-08-10;7;0;0;0;
4;1;0068;MeoPlant CAD/CAM-Modellanalog, A-006-100200;20,00;2023-08-10;7;0;0;0;
4;1;0069;MeoPlant Klebe-Basis Steg System, S-020-450500;45,00;2023-08-10;7;0;0;0;
4;1;0070;MeoPlant Klebe-Basis GH 0,8mm, S-009-450508;45,00;2023-08-10;7;0;0;0;
4;1;0071;MeoPlant Klebe-Basis , S-009-450500;45,00;2023-08-10;7;0;0;0;
4;1;0072;MeoPlant Scan-Body PEEK, S-012-350600;45,00;2023-08-10;7;0;0;0;
4;1;0073;MeoPlant Scan-Body Titan, S-012-350700;45,00;2023-08-10;7;0;0;0;
4;1;0074;NextDent TryIn, Anprobenkunststoff;25,90;2023-08-10;7;0;0;0;
4;1;0075;Artic Digital Frontzahn, Kulzer;12,50;2024-05-03;7;0;0;0;
4;1;0076;Artic Digital Seitenzahn, Kulzer;8,50;2024-05-03;7;0;0;0;
4;1;0077;Ceka-Anker Primärteil;15,00;2023-10-12;7;0;0;0;
4;1;0078;Ceka-Anker Sekundärteil;5,00;2023-10-12;7;0;0;0;
4;1;0079;Preciline-Geschiebe Primärteil;15,00;2023-10-12;7;0;0;0;
4;1;0080;Preciline-Geschiebe Sekundärteil;5,00;2023-10-12;7;0;0;0;
4;1;0081;OSSTEM Laboranalog TS Fixture Regular;16,00;2023-10-18;7;0;0;0;
4;1;0082;OSSTEM Laboranalog TS Fixture Mini;16,00;2023-10-18;7;0;0;0;
3;1;9975;Bruchreparatur mit Lötung;147,20;2025-01-14;7;0;0;0;
3;1;9005;Bohrschablone digital, 3-4 Implantate, ohne Einbringhilfen, Design BurgarDental;125,90;2025-01-14;7;0;0;0;
3;1;9006;Bohrschablone digital, >4 Implantate, ohne Einbringhilfen, Design BurgarDental;146,90;2025-01-14;7;0;0;0;
4;1;0083;NextDent SG (Bohrschablonen), orange, sterilisierbar mit Farbumschlag;9,90;2024-02-19;7;0;0;0;
4;1;0084;NextDent Denture 3D+ (Prothesenbasis gedruckt);30,00;2024-04-10;7;0;0;0;
4;1;0085;Ivoclar Ivotion  Oberkiefer (Prothese mit Zähnen gefräst);150,00;2024-04-10;7;0;0;0;
4;1;0086;Ivoclar Ivotion Base (Prothesenbasis gefräst);100,00;2024-04-10;7;0;0;0;
4;1;0087;Ivoclar Ivotion Dent Multi (Prothesenzähne aus Multilayer gefräst);100,00;2024-04-10;7;0;0;0;
4;1;0088;Ivoclar Ivotion Dent (Prothesenzähne aus Monochrom PMMA gefräst);100,00;2024-04-10;7;0;0;0;
4;1;0089;Ivoclar Ivotion Unterkiefer (Prothese mit Zähnen gefräst);150,00;2024-04-10;7;0;0;0;
4;1;0090;Nextdent Tray;0,00;2024-04-10;7;0;0;0;
4;1;0091;NextDent Base (Prothesenbasis gedruckt);30,00;2024-04-10;7;0;0;0;
4;1;0092;NextDent TryIn (Anprobenprothese gedruckt);25,90;2024-04-10;7;0;0;0;
4;1;0093;NextDent CrownTec (Kunststoffzähne oder Provisorien gedruckt);6,90;2024-04-10;7;0;0;0;
4;1;0094;Keysplint Keyprint hard (Kunststoffschiene gedruckt, hart);0,00;2024-04-10;7;0;0;0;
4;1;0095;NextDent Ortho Clear (Schienenmaterial hart);0,00;2024-04-10;7;0;0;0;
4;1;0096;NextDent Ortho IBT;0,00;2024-04-10;7;0;0;0;
4;1;0097;NextDent Ortho Flex;0,00;2024-04-10;7;0;0;0;
4;1;0098;NextDent Ortho Rigid (Schienenmaterial hart, farbig);0,00;2024-04-10;7;0;0;0;
3;1;2741;Krone auf Implantatpfeiler befestigen (durch zementieren);20,90;2025-01-09;7;0;0;0;
4;1;0099;Medentika Laborimplantat für ZIMMER-System 3,5 mm;22,00;2024-05-16;7;0;0;0;
4;1;0100;Medentika Titan-Klebebasis für ZIMMER-System 3,5 mm;68,00;2024-05-16;7;0;0;0;
4;1;0101;CAMLOG Implantatanalog - Ø  3.3 mm;23,50;2024-06-12;7;0;0;0;
4;1;0102;CAMLOG Implantatanalog - Ø 3.8 mm,;23,50;2024-06-12;7;0;0;0;
4;1;0103;CAMLOG Abutment - für Ø 3.3 mm;78,00;2024-12-02;7;0;0;0;
4;1;0104;CAMLOG Abutment - für Ø 3.8 mm;72,50;2024-06-12;7;0;0;0;
4;1;0105;Nobel Biocare Implantat inkl. Titanbasis CAD/CAM;89,90;2024-06-20;7;0;0;0;
3;1;0841;Scannen,  Interimsprothese für Notfall;52,50;2025-01-09;7;0;0;0;
4;1;0106;CAMLOG K2235.3315 Esthomic Abutment 3,3mm;97,00;2024-12-06;7;0;0;0;
3;1;0443;Intraoralscan durch BurgarDental;29,90;2025-02-03;7;0;0;0;
3;1;9974;Diversae Arbeiten wie Auflistung;0,00;2025-02-03;7;0;0;0;